kind,domain,lean_domain,lean_module,tier,record_count,median_error_pct,coverage_tier,precision_status,labs
core,Acoustics,material,,,485,0.032277,A_strong,target_band,smiles_lab
core,Astronomy,astronomical,,,193,0.0,A_strong,target_band,cosmology_lambda_cdm;cosmology_wave4;cosmology_extended_lab;cosmology_bubble_bleed_lab
core,Astrophysics,astronomical,,,305,0.0005610563516671626,A_strong,target_band,cosmology_wave4;cosmology_extended_lab;cosmology_higher_waves_lab;cosmology_bubble_bleed_lab
core,Atmospheric_Physics,energy,,,17414,0.0,A_strong,target_band,weather_lab;atmospheric_physics_gap_fill_lab
core,Atomic_Physics,particle,,,116,0.0009504134401228516,A_strong,target_band,smiles_lab;nist_atomic_lab
core,Biochemistry,medical,,,166,0.01920113857308633,A_strong,target_band,smiles_lab;neurolab_bio
core,Biology,biological,,,67,0.0,B_verified,target_band,evolution_lab;cellular_lab;neurolab_bio
core,Chemistry,electron,,,99,0.005707,B_verified,target_band,smiles_lab
core,Condensed_Matter,material,,,1169,0.030603154577296784,A_strong,target_band,smiles_lab;species_catalog
core,Cosmology,cosmological,,,347,0.0007354204043789445,A_strong,target_band,cosmology_lambda_cdm;cosmology_extended_lab;cosmology_higher_waves_lab;cosmology_bubble_bleed_lab
core,Ecology,biological,,,654,0.017789000308163706,A_strong,target_band,gbif_ecology_lab;evolution_lab
core,Economics,consciousness,,,167,0.12920090413714938,A_strong,target_band,world_bank_economics_lab;linguistics_lab
core,Electromagnetism,electron,,,271912,0.0,A_strong,target_band,smiles_lab;geomagnetism_lab;space_weather_lab
core,Fluid_Dynamics,energy,,,56,0.0,B_verified,target_band,fluid_dynamics_lab;trinary_fluid_computer
core,Geophysics,energy,,,547,0.0,A_strong,target_band,weather_lab;tectonics_lab;geomagnetism_lab
core,High_Energy_Physics,higgs,,,151,0.003557172593200954,A_strong,target_band,higgs_branching_lab;higgs_mass_lab;cosmology_higher_waves_lab
core,Materials_Science,material,,,1169,0.030603154577296784,A_strong,target_band,smiles_lab;species_catalog
core,Meteorology,energy,,,17414,0.0,A_strong,target_band,weather_lab;meteorology_gap_fill_lab
core,Molecular_Chemistry,chemical,,,608,0.028389499999999998,A_strong,target_band,smiles_lab
core,Neuroscience,neural,,,41,0.013382765569350981,B_verified,target_band,smiles_lab;neuron_cohort_lab
core,Nuclear_Physics,nuclear,,,79,0.0073571309514874035,B_verified,target_band,smiles_lab;blackhole_thesis
core,Oceanography,energy,,,112,0.0,A_strong,target_band,noaa_oceanography_lab;weather_lab
core,Optics,material,,,485,0.032277,A_strong,target_band,smiles_lab
core,Particle_Astrophysics,cmb,,,192,0.004643710259500975,A_strong,target_band,cosmology_wave4;cosmology_extended_lab;cosmology_higher_waves_lab
core,Particle_Physics,particle,,,98,0.0023222644988432507,B_verified,target_band,particle_physics_lab
core,Physical_Chemistry,chemical,,,608,0.028389499999999998,A_strong,target_band,smiles_lab
core,Planetary_Science,galactic,,,50,0.021477424424138976,B_verified,target_band,cosmology_wave4;cosmology_extended_lab
core,Psychology,consciousness,,,170,0.03150616921194593,A_strong,target_band,openalex_psychology_lab;linguistics_lab
core,Quantum_Computing,ai,,,180,0.0002953462072651492,A_strong,target_band,quantum_computing_lab;trinary_os
core,Quantum_Gravity,blackhole,,,141,0.0,A_strong,target_band,blackhole_thesis;cosmology_bubble_bleed_lab
core,Quantum_Mechanics,quantum,,,74,0.0009504134401252401,B_verified,target_band,smiles_lab;nist_quantum_lab
core,Quantum_Optics,quantum,,,74,0.0009504134401252401,B_verified,target_band,smiles_lab;nist_quantum_lab
core,Seismology,energy,,,1000,0.0,A_strong,target_band,seismology_lab;tectonics_lab
core,Sociology,consciousness,,,410,0.019504399572474972,A_strong,target_band,openalex_sociology_lab;world_bank_sociology_lab;linguistics_lab
core,Thermodynamics,energy,,,89,0.02214701353860092,B_verified,target_band,fuel_lab
extension,AI_Galactic_Orbital_Bridge,,FSOT.Formal.AIGalacticOrbitalBridgePriors,48,48,0.005168558627177688,B_verified,,
extension,Acoustic_Resonance_Materials,,FSOT.Formal.AcousticResonanceMaterialsPriors,47,29,0.008381497018411083,B_verified,,
extension,Actuarial_Science_Panel,,FSOT.Formal.ActuarialSciencePriors,82,60,0.02261,B_verified,,
extension,Adjacent_Rung_Coupling,,FSOT.Formal.AdjacentRungCouplingPriors,49,36,0.020098237848404983,B_verified,,
extension,Adversarial_Fractal_Break_Tests,,FSOT.Formal.AdversarialFractalBreakPriors,46,24,0.0,B_verified,,
extension,Agriculture_Agroecology,,FSOT.Formal.AgricultureAgroecologyGapFillPriors,34,276,0.018019024892929635,A_strong,,
extension,Alternate_Base_Mathematics_Explorer_Panel,,FSOT.Formal.AlternateBaseMathematicsExplorerPanelPriors,92,56,0.009504,B_verified,,
extension,Alternate_Base_Mathematics_Spine,,FSOT.Formal.AlternateBaseMathematicsSpinePriors,92,24,0.004184779870129773,B_verified,,
extension,Anthropology,,FSOT.Formal.AnthropologyExtensionPriors,35,160,0.019504399572476606,A_strong,,
extension,Architecture_Building_Science,,FSOT.Formal.ArchitectureBuildingScienceGapFillPriors,34,43,0.07869745016115058,B_verified,,
extension,Arxiv_Brain_Knowledge_Panel,,FSOT.Formal.ArxivBrainKnowledgePanelPriors,88,20,0.018003,B_verified,,
extension,Arxiv_Gravitational_Waves_Panel,,FSOT.Formal.ArxivGravitationalWavesPanelPriors,84,60,0.01748,B_verified,,
extension,Arxiv_Primitives_Panel,,FSOT.Formal.ArxivPrimitivesPanelPriors,88,22,0.031506,B_verified,,
extension,Arxiv_Primitives_V14,,FSOT.Formal.ArxivPrimitivesV14Priors,34,24,0.0,B_verified,,
extension,Astrophysical_Structure_Crosswalk,,FSOT.Formal.AstrophysicalStructureCrosswalkPriors,52,32,0.0,B_verified,,
extension,Bibliography_Corpus_Panel,,FSOT.Formal.BibliographyCorpusPanelPriors,88,24,0.03801653760497401,B_verified,,
extension,Bibliography_Lean_Corpus,,FSOT.Formal.BibliographyLeanCorpusPriors,37,21,0.020055,B_verified,,
extension,Binary_Decoder_Panel,,FSOT.Formal.BinaryDecoderPanelPriors,88,24,0.013342,B_verified,,
extension,Binary_Decoder_Rendlesham,,FSOT.Formal.BinaryDecoderRendleshamPriors,35,24,0.004504756223217969,B_verified,,
extension,Biological_CUDA_Physarum,,FSOT.Formal.BiologicalCudaPhysarumPriors,34,35,0.0,B_verified,,
extension,Biology_Developmental_Structural_Depth_Panel,,FSOT.Formal.BiologyDevelopmentalStructuralDepthPanelPriors,87,26,0.022236,B_verified,,
extension,Biophysics_Public_Panel,,FSOT.Formal.BiophysicsPublicPanelPriors,64,24,0.0,B_verified,,
extension,BlackHole_WhiteHole_Cycle_Live_Panel,,FSOT.Formal.BlackHoleWhiteholeCycleLivePanelPriors,88,24,0.026472,B_verified,,
extension,Botany,,FSOT.Formal.BotanyExtensionPriors,35,426,0.022236250385193387,A_strong,,
extension,Boundary_Partition_Tightening,,FSOT.Formal.BoundaryPartitionTighteningPriors,67,24,0.017672674984670764,B_verified,,
extension,Breakthrough_Discoveries_2024_2026,,FSOT.Formal.BreakthroughDiscoveries20242026Priors,39,21,0.0,B_verified,,
extension,CERN_Open_Data_LHC,,FSOT.Formal.CernOpenDataLhcPriors,38,83,0.013294,B_verified,,
extension,CRC_Handbook_Properties,,FSOT.Formal.CrcHandbookPropertiesPriors,78,391,0.026922,A_strong,,
extension,CVE_Codon_Hole_Falsification,,FSOT.Formal.CVECodonHoleFalsificationPriors,45,29,0.009186636881580057,B_verified,,
extension,Canonical_Oracle_Panel,,FSOT.Formal.CanonicalOraclePanelPriors,88,24,0.013294,B_verified,,
extension,Cardiology,,FSOT.Formal.CardiologyExtensionPriors,41,45,0.030622122938654326,B_verified,,
extension,Cardiology_Panel,,FSOT.Formal.CardiologyPanelPriors,84,20,0.015311,B_verified,,
extension,Cartography_GIS_Panel,,FSOT.Formal.CartographyGisPriors,82,48,0.018855999999999998,B_verified,,
extension,Certified_Agent_Formal_Panel,,FSOT.Formal.CertifiedAgentFormalPanelPriors,88,24,0.014767,B_verified,,
extension,Certified_Agent_Qwen,,FSOT.Formal.CertifiedAgentQwenPriors,35,24,0.004504756223217969,B_verified,,
extension,Chaos_Mediated_Phase_Transitions,,FSOT.Formal.ChaosMediatedPhaseTransitionsPriors,47,21,0.03147898006445882,B_verified,,
extension,Chemical_Engineering,,FSOT.Formal.ChemicalEngineeringExtensionPriors,35,186,0.0010333425185953097,A_strong,,
extension,Chemical_Structure_Stability_Panel,,FSOT.Formal.ChemicalStructureStabilityPanelPriors,57,32,0.00206,B_verified,,
extension,Civil_Engineering,,FSOT.Formal.CivilEngineeringExtensionPriors,41,37,0.0335259880736416,B_verified,,
extension,Civil_Engineering_Panel,,FSOT.Formal.CivilEngineeringPanelPriors,85,20,0.01341,B_verified,,
extension,Climate_Science,,FSOT.Formal.ClimateSciencePriors,12,17320,0.0,A_strong,,
extension,ClinicalTrials_Medical_Panel,,FSOT.Formal.ClinicaltrialsMedicalPriors,80,394,0.0,A_strong,,
extension,Clinical_Medicine,,FSOT.Formal.ClinicalMedicineExtensionPriors,35,260,0.002458296751538192,A_strong,,
extension,Code_Genome_Structure,,FSOT.Formal.CodeGenomeStructurePriors,43,205,0.0,A_strong,,
extension,Cold_Fusion_Candidate_Prereg_Scaffold,,FSOT.Formal.ColdFusionCandidatePreregScaffoldPriors,71,24,0.0,B_verified,,
extension,Cold_Fusion_Lab_Synthesis_Crosswalk,,FSOT.Formal.ColdFusionLabSynthesisCrosswalkPriors,73,22,0.0,B_verified,,
extension,Compact_Object_Binary_Events,,FSOT.Formal.CompactObjectBinaryEventsPriors,53,40,0.0,B_verified,,
extension,Compactification_Ladder,,FSOT.Formal.CompactificationLadderPriors,49,60,0.0220747159758794,B_verified,,
extension,Complexity_Folding_Emergence_Panel,,FSOT.Formal.ComplexityFoldingEmergencePanelPriors,91,29,0.02658792169940266,B_verified,,
extension,Computational_Reasoning,,FSOT.Formal.ComputationalReasoningPriors,29,577,0.0,A_strong,,
extension,Condensed_Matter_Superconductivity_Depth_Panel,,FSOT.Formal.CondensedMatterSuperconductivityDepthPanelPriors,87,21,0.033841,B_verified,,
extension,Consciousness_Econ,,FSOT.Formal.ConsciousnessEconPriors,51,37,0.008898,B_verified,,
extension,Consciousness_Expansion_Spine,,FSOT.Formal.ConsciousnessExpansionSpinePriors,90,24,0.008488,B_verified,,
extension,Consciousness_Galactic_Orbital_Bridge,,FSOT.Formal.ConsciousnessGalacticOrbitalBridgePriors,47,48,0.036757197413939124,B_verified,,
extension,Consciousness_Genetics_Coupling_Panel,,FSOT.Formal.ConsciousnessGeneticsCouplingPanelPriors,93,24,0.031506,B_verified,,
extension,Consciousness_Genetics_Species_Panel,,FSOT.Formal.ConsciousnessGeneticsSpeciesPanelPriors,93,27,0.022236,B_verified,,
extension,Consciousness_Soul_Bridge,,FSOT.Formal.ConsciousnessSoulBridgePriors,51,27,0.0,B_verified,,
extension,Consciousness_Species_Multi_Panel,,FSOT.Formal.ConsciousnessSpeciesMultiPanelPriors,90,269,0.0201195,A_strong,,
extension,Cosmology_Anomalies,,FSOT.Formal.CosmologyAnomaliesPriors,25,23,0.024602,B_verified,,
extension,Cosmology_Anomaly_Deep_Panel,,FSOT.Formal.CosmologyAnomalyDeepPanelPriors,76,24,0.029733,B_verified,,
extension,Cosmology_Bubble_Bleed,,FSOT.Formal.BubbleBleedPriors,24,113,0.0,A_strong,,
extension,Cosmology_Extended,,FSOT.Formal.CosmologyExtendedPriors,16,58,0.021954848848277954,B_verified,,
extension,Creative_Arts_Math_Spine,,FSOT.Formal.CreativeArtsMathSpinePriors,61,56,0.0,B_verified,,
extension,Crossref_Scholarly_Panel,,FSOT.Formal.CrossrefScholarlyPriors,81,200,0.01382,A_strong,,
extension,Cryosphere,,FSOT.Formal.CryospherePriors,20,2399,0.0,A_strong,,
extension,Cryptography_Technology,,FSOT.Formal.CryptographyTechnologyPriors,43,44,0.047520672006218234,B_verified,,
extension,Culinary_Arts,,FSOT.Formal.CulinaryArtsPriors,33,26,0.047615187057821064,B_verified,,
extension,Culinary_Fermentation_Maillard_Panel,,FSOT.Formal.CulinaryFermentationMaillardPanelPriors,86,130,0.040788,A_strong,,
extension,Dark_Energy_CPL,,FSOT.Formal.DarkEnergyCPLPriors,51,24,0.029733,B_verified,,
extension,Dark_Sector_Open_Problems,,FSOT.Formal.DarkSectorOpenProblemsPriors,51,24,0.01529034996934153,B_verified,,
extension,Desktop_Application_Wiring_Spine,,FSOT.Formal.DesktopApplicationWiringSpinePriors,88,81,0.0,B_verified,,
extension,Distant_Island_Emergence_Simulation,,FSOT.Formal.DistantIslandEmergenceSimulationPriors,75,36,0.0,B_verified,,
extension,Distant_Island_Z128_Z132_Deep_Panel,,FSOT.Formal.DistantIslandZ128Z132DeepPanelPriors,75,24,1e-06,B_verified,,
extension,Domain_Coupling_Simulation,,FSOT.Formal.DomainCouplingSimulationPriors,42,18691,0.0,A_strong,,
extension,Domain_Coupling_Simulation_Refresh_Panel,,FSOT.Formal.DomainCouplingSimulationRefreshPanelPriors,77,22,0.0,B_verified,,
extension,Domain_Orbital_Predictions,,FSOT.Formal.DomainOrbitalPredictionsPriors,48,24,0.01529034996934153,B_verified,,
extension,Early_Lean_MC_Panel,,FSOT.Formal.EarlyLeanMcPanelPriors,88,24,0.014767,B_verified,,
extension,Ecology,,FSOT.Formal.EcologyPublicPanelPriors,66,24,0.0,B_verified,,
extension,Econometrics,,FSOT.Formal.EconometricsGapFillPriors,34,172,0.12920090413715177,A_strong,,
extension,Econophysics,,FSOT.Formal.EconophysicsPriors,66,24,0.0,B_verified,,
extension,Electrical_Power_Systems,,FSOT.Formal.ElectricalPowerSystemsPriors,39,24,0.015583023735736914,B_verified,,
extension,Element_Synthesis_Condition_Scaffold,,FSOT.Formal.ElementSynthesisConditionScaffoldPriors,73,45,0.000787,B_verified,,
extension,Energy_AI_Orbital_Bridge,,FSOT.Formal.EnergyAIOrbitalBridgePriors,47,48,0.027544107556407217,B_verified,,
extension,Energy_Neural_Orbital_Bridge,,FSOT.Formal.EnergyNeuralOrbitalBridgePriors,47,48,0.018002668701796887,B_verified,,
extension,Entomology,,FSOT.Formal.EntomologyExtensionPriors,41,430,0.022236250385189223,A_strong,,
extension,Entomology_Panel,,FSOT.Formal.EntomologyPanelPriors,84,90,0.006006,B_verified,,
extension,Environmental_Engineering,,FSOT.Formal.EnvironmentalEngineeringExtensionPriors,35,1120,0.0,A_strong,,
extension,Epidemiology,,FSOT.Formal.EpidemiologyExtensionPriors,41,20,0.03062212293865052,B_verified,,
extension,Epidemiology_Panel,,FSOT.Formal.EpidemiologyPanelPriors,84,24,0.015311,B_verified,,
extension,Ethology_Panel,,FSOT.Formal.EthologyPriors,82,100,0.006607,A_strong,,
extension,Exogeology,,FSOT.Formal.ExogeologyExtensionPriors,41,316,0.0,A_strong,,
extension,Exogeology_Panel,,FSOT.Formal.ExogeologyPanelPriors,85,100,0.026472,A_strong,,
extension,Exoplanet_System_Architecture,,FSOT.Formal.ExoplanetSystemArchitecturePriors,54,882,0.0,A_strong,,
extension,Experimental_Base_Mathematics_Panel,,FSOT.Formal.ExperimentalBaseMathematicsPanelPriors,93,36,0.009504,B_verified,,
extension,External_OSS_Code_Genome,,FSOT.Formal.ExternalOSSCodeGenomePriors,44,164,0.0,A_strong,,
extension,FPC_Fluidlink_Timing_Deep_Panel,,FSOT.Formal.FpcFluidlinkTimingDeepPanelPriors,76,24,0.021117999999999998,B_verified,,
extension,FPC_Temporal_Coupling,,FSOT.Formal.FPCTemporalCouplingPriors,50,24,0.029733,B_verified,,
extension,FSOT_Aggregate_Organized_Panel,,FSOT.Formal.FsotAggregateOrganizedPanelPriors,69,24,0.0,B_verified,,
extension,FSOT_Aggregate_Unified_DB,,FSOT.Formal.FsotAggregateUnifiedDbPriors,36,24,0.0,B_verified,,
extension,Federal_Science_Registry_Panel,,FSOT.Formal.FederalScienceRegistryPriors,80,24,0.013352,B_verified,,
extension,Finance_Markets,,FSOT.Formal.FinanceMarketsExtensionPriors,41,150,0.025840180827433133,A_strong,,
extension,Finance_Markets_Panel,,FSOT.Formal.FinanceMarketsPanelPriors,85,36,0.02584,B_verified,,
extension,Fluid_Phase_Current_Spine,,FSOT.Formal.FluidPhaseCurrentSpinePriors,50,24,0.022997,B_verified,,
extension,Fluid_Spacetime_Observable_Spine,,FSOT.Formal.FluidSpacetimeObservableSpinePriors,76,29,0.000595,B_verified,,
extension,Fluid_Spacetime_Prereg_Validation_Panel,,FSOT.Formal.FluidSpacetimePreregValidationPanelPriors,77,24,0.0,B_verified,,
extension,Fold_Depth_Metrics,,FSOT.Formal.FoldDepthMetricsPriors,49,51,0.025753835305195434,B_verified,,
extension,Food_Microbiology,,FSOT.Formal.FoodMicrobiologyGapFillPriors,34,30,0.04447250077037743,B_verified,,
extension,Formula_Branching_Fractal,,FSOT.Formal.FormulaBranchingFractalPriors,45,255,0.038016537604979236,A_strong,,
extension,Formula_Corpus_CNC,,FSOT.Formal.FormulaCorpusCncPriors,34,21,0.020055,B_verified,,
extension,Formula_Corpus_Closure,,FSOT.Formal.FormulaCorpusClosurePriors,42,123,0.0,A_strong,,
extension,Formula_Precision_Spine,,FSOT.Formal.FormulaPrecisionSpinePriors,67,27,0.0,B_verified,,
extension,Foundational_Ontology_Spine,,FSOT.Formal.FoundationalOntologySpinePriors,91,21,0.0,B_verified,,
extension,Founding_Atmospheric_Ozone_Panel,,FSOT.Formal.FoundingAtmosphericOzonePanelPriors,96,24,0.022236,B_verified,,
extension,Founding_Cosmic_Dust_Panel,,FSOT.Formal.FoundingCosmicDustPanelPriors,96,24,0.026675,B_verified,,
extension,Founding_Cosmic_Ray_Panel,,FSOT.Formal.FoundingCosmicRayPanelPriors,96,24,0.021221,B_verified,,
extension,Founding_Galactic_Halo_Rotation_Panel,,FSOT.Formal.FoundingGalacticHaloRotationPanelPriors,96,24,0.022461,B_verified,,
extension,Founding_Pulsar_Glitch_Panel,,FSOT.Formal.FoundingPulsarGlitchPanelPriors,96,24,0.022461,B_verified,,
extension,Founding_Quantum_Vacuum_Panel,,FSOT.Formal.FoundingQuantumVacuumPanelPriors,96,24,0.01529034996934153,B_verified,,
extension,Founding_White_Dwarf_Cooling_Panel,,FSOT.Formal.FoundingWhiteDwarfCoolingPanelPriors,96,24,0.022461,B_verified,,
extension,Fractal_Constant_Recursion,,FSOT.Formal.FractalConstantRecursionPriors,46,21,0.0,B_verified,,
extension,Fuel_Candidate_Prereg_Scaffold,,FSOT.Formal.FuelCandidatePreregScaffoldPriors,65,33,0.0,B_verified,,
extension,Fuel_Lab_Live_Panel,,FSOT.Formal.FuelLabLivePanelPriors,88,366,0.039349,A_strong,,
extension,Fuel_Thermochemistry_Public_Anchors,,FSOT.Formal.FuelThermochemistryPublicAnchorsPriors,59,24,0.0,B_verified,,
extension,Fusion_Decay_Chain_Prereg_Scaffold,,FSOT.Formal.FusionDecayChainPreregScaffoldPriors,74,24,0.0,B_verified,,
extension,Fusion_Lab_Certificate_Spine,,FSOT.Formal.FusionLabCertificateSpinePriors,71,50,0.0,B_verified,,
extension,Fusion_Physics_Public_Panel,,FSOT.Formal.FusionPhysicsPublicPanelPriors,71,24,9.5e-05,B_verified,,
extension,GBIF_Species_Occurrence,,FSOT.Formal.GbifSpeciesOccurrencePriors,38,240,0.006006,A_strong,,
extension,GWOSC_Live_Event_Deep,,FSOT.Formal.GWOSCLiveEventDeepPriors,58,191,0.008488,A_strong,,
extension,Gaia_Astrometry_Panel_Deep,,FSOT.Formal.GaiaAstrometryPanelDeepPriors,60,62,0.022461,B_verified,,
extension,Gaia_DR3_TAP_Deep,,FSOT.Formal.GaiaDR3TAPDeepPriors,62,1826,0.022461,A_strong,,
extension,Galactic_Structure_Sample,,FSOT.Formal.GalacticStructureSamplePriors,53,101,0.0,A_strong,,
extension,Genomic_Sciences,,FSOT.Formal.GenomicSciencesPriors,66,24,0.0,B_verified,,
extension,Geochemistry,,FSOT.Formal.GeochemistryPriors,26,153,0.006625234573930708,A_strong,,
extension,Geology_Stratigraphy,,FSOT.Formal.GeologyStratigraphyExtensionPriors,35,1960,0.0,A_strong,,
extension,Geomagnetism,,FSOT.Formal.GeomagnetismPriors,21,524,0.0,A_strong,,
extension,Government_Open_Data_Spine,,FSOT.Formal.GovernmentOpenDataSpinePriors,80,28,0.0,B_verified,,
extension,Grace_Cryosphere,,FSOT.Formal.GraceCryospherePriors,23,253,0.0,A_strong,,
extension,HVAC_Thermal_Systems,,FSOT.Formal.HvacThermalSystemsPriors,39,23,0.017836062884411003,B_verified,,
extension,Heavy_Ion_Lab_Synthesis_Panel,,FSOT.Formal.HeavyIonLabSynthesisPanelPriors,73,39,9.5e-05,B_verified,,
extension,Higgs_Mass,,FSOT.Formal.HiggsMassPriors,17,24,0.012112816039879785,B_verified,,
extension,History,,FSOT.Formal.HistoryExtensionPriors,41,170,0.019504399572477397,A_strong,,
extension,History_Panel,,FSOT.Formal.HistoryPanelPriors,85,60,0.01382,B_verified,,
extension,Hubble_Bubble_Tension,,FSOT.Formal.HubbleBubbleTensionPriors,51,24,0.0,B_verified,,
extension,Hubble_Dark_Sector_Crosswalk,,FSOT.Formal.HubbleDarkSectorCrosswalkPriors,76,24,0.0198985,B_verified,,
extension,Hybrid_FI_Sim_Multi_Hero_Panel,,FSOT.Formal.HybridFiSimMultiHeroPanelPriors,77,24,0.008488,B_verified,,
extension,Hybrid_FI_Sim_Stratum_Deep_Panel,,FSOT.Formal.HybridFiSimStratumDeepPanelPriors,86,24,0.018003,B_verified,,
extension,Hydrology,,FSOT.Formal.HydrologyPriors,19,960,0.0,A_strong,,
extension,IGEM_Live_FASTA_Ingest,,FSOT.Formal.IGEMLiveFastaPriors,32,42,0.0,B_verified,,
extension,IGEM_Parts_Expanded,,FSOT.Formal.IGEMPartsExpandedPriors,56,111,5.882356401581393e-05,A_strong,,
extension,IGEM_Synthetic_Biology,,FSOT.Formal.IGEMSyntheticBiologyPriors,31,54,0.022236250385203583,B_verified,,
extension,Immunology,,FSOT.Formal.ImmunologyPriors,12,84,0.061205,B_verified,,
extension,Immunology_Panel,,FSOT.Formal.ImmunologyPanelPriors,84,24,0.040788,B_verified,,
extension,Inertial_Confinement_Fusion_Panel,,FSOT.Formal.InertialConfinementFusionPanelPriors,71,24,7.9e-05,B_verified,,
extension,Information_Theory_Public_Panel,,FSOT.Formal.InformationTheoryPublicPanelPriors,64,24,0.0,B_verified,,
extension,Initiation_Transformation_Archetype,,FSOT.Formal.InitiationTransformationArchetypePriors,67,24,0.0,B_verified,,
extension,Interactive_Media_Prereg_Scaffold,,FSOT.Formal.InteractiveMediaPreregScaffoldPriors,65,42,0.0,B_verified,,
extension,Interdisciplinary_Spine_Crosswalk,,FSOT.Formal.InterdisciplinarySpineCrosswalkPriors,57,24,0.0,B_verified,,
extension,Intrinsic_LLM_Validators,,FSOT.Formal.IntrinsicLLMValidatorsPriors,33,24,0.0,B_verified,,
extension,Intrinsic_LLM_Validators_Panel,,FSOT.Formal.IntrinsicLlmValidatorsPanelPriors,88,21,0.014767,B_verified,,
extension,Ionospheric_Chemistry_Coupling,,FSOT.Formal.IonosphericChemistryCouplingPriors,47,85,0.0,B_verified,,
extension,Island_Of_Stability_Deep_Panel,,FSOT.Formal.IslandOfStabilityDeepPanelPriors,74,23,0.0,B_verified,,
extension,Knowledge_Base_Portable_Bundle_Panel,,FSOT.Formal.KnowledgeBasePortableBundlePanelPriors,77,24,0.0020923899350648867,B_verified,,
extension,Lab_Synthesis_Metamaterial_Spine,,FSOT.Formal.LabSynthesisMetamaterialSpinePriors,73,43,3.4e-05,B_verified,,
extension,Law_Policy,,FSOT.Formal.LawPolicyExtensionPriors,41,180,0.019504399572479934,A_strong,,
extension,Law_Policy_Panel,,FSOT.Formal.LawPolicyPanelPriors,85,20,0.013003,B_verified,,
extension,Limnology_Panel,,FSOT.Formal.LimnologyPriors,82,2010,0.030173,A_strong,,
extension,Linguistics_Formal,,FSOT.Formal.LinguisticsFormalPriors,29,24,0.022236,B_verified,,
extension,Live_Ingest_Spine,,FSOT.Formal.LiveIngestSpinePriors,68,28,0.0,B_verified,,
extension,Living_FSOT_Hardware_Panel,,FSOT.Formal.LivingFsotHardwarePanelPriors,88,77,0.031506,B_verified,,
extension,Longevity_AnAge_Catalog_Panel,,FSOT.Formal.LongevityAnAgeCatalogPanelPriors,94,966,0.022236,A_strong,,
extension,Longevity_Consciousness_Coupling_Panel,,FSOT.Formal.LongevityConsciousnessCouplingPanelPriors,94,890,0.022424,A_strong,,
extension,Longevity_Extreme_Species_Panel,,FSOT.Formal.LongevityExtremeSpeciesPanelPriors,94,164,0.017789,A_strong,,
extension,Longevity_Genetic_Mechanics_Panel,,FSOT.Formal.LongevityGeneticMechanicsPanelPriors,94,35,0.022236,B_verified,,
extension,Longevity_MegaDeep_NCBI_Panel,,FSOT.Formal.LongevityMegaDeepNcbiPanelPriors,94,1746,0.017789,A_strong,,
extension,Longevity_Telomere_Repair_Panel,,FSOT.Formal.LongevityTelomereRepairPanelPriors,94,60,0.022236,B_verified,,
extension,Machine_And_Molecule_Live_Panel,,FSOT.Formal.MachineAndMoleculeLivePanelPriors,88,120,0.01341,A_strong,,
extension,Magnetic_Confinement_Fusion_Panel,,FSOT.Formal.MagneticConfinementFusionPanelPriors,71,22,0.0,B_verified,,
extension,Magnetosphere,,FSOT.Formal.MagnetospherePriors,22,167,0.0,A_strong,,
extension,Magnetosphere_Extended,,FSOT.Formal.MagnetosphereExtendedPriors,25,122315,0.0,A_strong,,
extension,Maillard_Chemistry,,FSOT.Formal.MaillardChemistryGapFillPriors,34,30,0.09443694019339477,B_verified,,
extension,Malware_Threat_Intelligence,,FSOT.Formal.MalwareThreatIntelligencePriors,43,85,0.04593318440797134,B_verified,,
extension,Marine_Biology,,FSOT.Formal.MarineBiologyExtensionPriors,41,540,0.022236250385192644,A_strong,,
extension,Marine_Biology_Panel,,FSOT.Formal.MarineBiologyPanelPriors,84,90,0.006006,B_verified,,
extension,Material_In_Silico_Screening_Scaffold,,FSOT.Formal.MaterialInSilicoScreeningScaffoldPriors,65,42,0.00206,B_verified,,
extension,Material_Property_Verification_Scaffold,,FSOT.Formal.MaterialPropertyVerificationScaffoldPriors,59,79,0.002271,B_verified,,
extension,Materials_Creep_Fracture_Depth_Panel,,FSOT.Formal.MaterialsCreepFractureDepthPanelPriors,87,71,0.011734,B_verified,,
extension,Materials_Engineering,,FSOT.Formal.MaterialsEngineeringPriors,29,87,0.027170334947435038,B_verified,,
extension,Materials_Genome_Crosswalk,,FSOT.Formal.MaterialsGenomeCrosswalkPriors,55,38,0.0,B_verified,,
extension,Materials_Project_Live_Panel,,FSOT.Formal.MaterialsProjectLivePanelPriors,68,141,0.011734,A_strong,,
extension,Materials_Species_Bridge,,FSOT.Formal.MaterialsSpeciesBridgePriors,30,45,0.0,B_verified,,
extension,Materials_Species_Bridge_Live_Panel,,FSOT.Formal.MaterialsSpeciesBridgeLivePanelPriors,86,150,0.01341,A_strong,,
extension,Math_Generator_Airfoil_RMSE,,FSOT.Formal.MathGeneratorAirfoilRmsePriors,32,21,0.020055,B_verified,,
extension,Math_Generator_Benchmark_Formula_Eval,,FSOT.Formal.MathGeneratorBenchmarkFormulaEvalPriors,31,21,0.020055,B_verified,,
extension,Math_Generator_Rules_Eval,,FSOT.Formal.MathGeneratorRulesEvalPriors,30,1552,0.0,A_strong,,
extension,Mathematics_Computational,,FSOT.Formal.MathematicsComputationalPriors,29,20,1.4090183367935627e-14,B_verified,,
extension,Mechanical_Engineering,,FSOT.Formal.MechanicalEngineeringExtensionPriors,41,50,0.017310023021640548,B_verified,,
extension,Mechanical_Engineering_Panel,,FSOT.Formal.MechanicalEngineeringPanelPriors,85,20,0.039349,B_verified,,
extension,Mechanistic_Coupling,,FSOT.Formal.MechanisticCouplingPriors,45,116,0.0,A_strong,,
extension,Medical_Galactic_Orbital_Bridge,,FSOT.Formal.MedicalGalacticOrbitalBridgePriors,48,48,0.010717743028517818,B_verified,,
extension,Metamaterial_Fluid_Design_Prereg_Scaffold,,FSOT.Formal.MetamaterialFluidDesignPreregScaffoldPriors,73,25,0.0,B_verified,,
extension,Microtubule_Quantum_Consciousness_Panel,,FSOT.Formal.MicrotubuleQuantumConsciousnessPanelPriors,90,63,0.044671,B_verified,,
extension,Music_Harmonics_Public_Panel,,FSOT.Formal.MusicHarmonicsPublicPanelPriors,61,24,0.0,B_verified,,
extension,Mycology,,FSOT.Formal.MycologyExtensionPriors,41,420,0.022236250385193498,A_strong,,
extension,Mycology_Panel,,FSOT.Formal.MycologyPanelPriors,84,90,0.006006,B_verified,,
extension,NASA_DONKI_Solar_Panel,,FSOT.Formal.NasaDonkiSolarPriors,80,2148,0.020755,A_strong,,
extension,NASA_Exoplanet_Archive,,FSOT.Formal.NasaExoplanetArchivePriors,38,158,0.023015,A_strong,,
extension,NASA_NEO_Feed_Panel,,FSOT.Formal.NasaNeoFeedPriors,80,56,0.021097,B_verified,,
extension,NCBI_Gene_Public_Panel,,FSOT.Formal.NcbiGenePublicPriors,81,48,0.025571999999999998,B_verified,,
extension,NIST_CODATA_Constants,,FSOT.Formal.NistCodataConstantsPriors,38,21,9.5e-05,B_verified,,
extension,NIST_DLMF_Special_Functions,,FSOT.Formal.NistDlmfSpecialFunctionsPriors,78,21,0.020055,B_verified,,
extension,NOAA_Coastal_Tides,,FSOT.Formal.NoaaCoastalTidesPriors,38,20,0.030173,B_verified,,
extension,NOAA_NDBC_Buoy_Panel,,FSOT.Formal.NoaaNdbcBuoyPriors,81,596,0.028287,A_strong,,
extension,Natural_Formation_Element_Simulation,,FSOT.Formal.NaturalFormationElementSimulationPriors,72,44,0.0,B_verified,,
extension,Network_Internet_Protocols,,FSOT.Formal.NetworkInternetProtocolsPriors,43,22,0.010337117254355377,B_verified,,
extension,Network_Science_Public_Panel,,FSOT.Formal.NetworkSciencePublicPanelPriors,64,24,0.0,B_verified,,
extension,Neural_Galactic_Orbital_Bridge,,FSOT.Formal.NeuralGalacticOrbitalBridgePriors,48,49,0.018002668701799784,B_verified,,
extension,Neuroeconomics,,FSOT.Formal.NeuroeconomicsExtensionPriors,41,65,0.10502056403980387,B_verified,,
extension,Neuroeconomics_Panel,,FSOT.Formal.NeuroeconomicsPanelPriors,85,20,0.031506,B_verified,,
extension,Neuroimmunology,,FSOT.Formal.NeuroimmunologyPriors,26,92,0.05041956982053305,B_verified,,
extension,Neurolab_Gaps_Math_Spine,,FSOT.Formal.NeurolabGapsMathSpinePriors,64,35,0.0,B_verified,,
extension,Neurolab_Residual_Math_Spine,,FSOT.Formal.NeurolabResidualMathSpinePriors,66,28,0.0,B_verified,,
extension,Neuron_Multi_Hero,,FSOT.Formal.NeuronMultiHeroPriors,27,24,0.00225237811160842,B_verified,,
extension,Neuroscience_Connectomics_Depth_Panel,,FSOT.Formal.NeuroscienceConnectomicsDepthPanelPriors,87,27,0.0201195,B_verified,,
extension,Neutrino_Physics_Panel,,FSOT.Formal.NeutrinoPhysicsPriors,82,20,0.009504,B_verified,,
extension,Nothing_Perfection_Friction_Origin_Panel,,FSOT.Formal.NothingPerfectionFrictionOriginPanelPriors,91,24,0.008488,B_verified,,
extension,OSTI_DOE_Science_Panel,,FSOT.Formal.OstiDoeSciencePriors,80,100,0.01382,A_strong,,
extension,Observer_Channel_Derivation,,FSOT.Formal.ObserverChannelDerivationPriors,46,348,0.0525102820198906,A_strong,,
extension,Observer_Effect_Cross_Species_Panel,,FSOT.Formal.ObserverEffectCrossSpeciesPanelPriors,90,289,0.0,A_strong,,
extension,Omni_Theory_Genesis,,FSOT.Formal.OmniTheoryGenesisPriors,35,27,0.0,B_verified,,
extension,Omni_Theory_Humanities_Panel,,FSOT.Formal.OmniTheoryHumanitiesPanelPriors,88,37,0.0222545,B_verified,,
extension,Oncology,,FSOT.Formal.OncologyPriors,26,67,0.05041956982053305,B_verified,,
extension,OpenAlex_Citation_Graph,,FSOT.Formal.OpenalexCitationGraphPriors,38,80,0.031506,B_verified,,
extension,OpenNeuro_Full_Panel,,FSOT.Formal.OpenNeuroFullPanelPriors,68,123,0.015431,A_strong,,
extension,Open_Meteo_Live_Panel,,FSOT.Formal.OpenMeteoLivePriors,81,432,0.026204,A_strong,,
extension,Optics_Interferometry_Depth_Panel,,FSOT.Formal.OpticsInterferometryDepthPanelPriors,87,127,0.026954,A_strong,,
extension,Orbital_Mechanics,,FSOT.Formal.OrbitalMechanicsPriors,21,22,0.020214999999999997,B_verified,,
extension,Overflow_Carry_Emergence_Panel,,FSOT.Formal.OverflowCarryEmergencePanelPriors,91,29,0.009504,B_verified,,
extension,PDG_Particle_Properties,,FSOT.Formal.PdgParticlePropertiesPriors,78,21,9.5e-05,B_verified,,
extension,Paleoclimate,,FSOT.Formal.PaleoclimateExtensionPriors,41,40,0.015015854077432778,B_verified,,
extension,Paleoclimate_Panel,,FSOT.Formal.PaleoclimatePanelPriors,85,20,0.006006,B_verified,,
extension,Paleontology,,FSOT.Formal.PaleontologyExtensionPriors,41,630,0.017836062884406152,A_strong,,
extension,Paleontology_Panel,,FSOT.Formal.PaleontologyPanelPriors,84,120,0.0167305,A_strong,,
extension,Particle_Neural_Orbital_Bridge,,FSOT.Formal.ParticleNeuralOrbitalBridgePriors,47,48,0.03326447040434832,B_verified,,
extension,Particle_Physics,,FSOT.Formal.ParticlePhysicsPriors,16,98,0.014415233331492876,B_verified,,
extension,Periodic_Extension_Decay_Topology_Scaffold,,FSOT.Formal.PeriodicExtensionDecayTopologyScaffoldPriors,75,24,0.0,B_verified,,
extension,Periodic_Table_Completion_Spine,,FSOT.Formal.PeriodicTableCompletionSpinePriors,72,38,0.0,B_verified,,
extension,Periodic_Table_Extension_Closure_Spine,,FSOT.Formal.PeriodicTableExtensionClosureSpinePriors,75,41,0.0,B_verified,,
extension,Periodic_Table_Public_Panel,,FSOT.Formal.PeriodicTablePublicPanelPriors,72,52,9.5e-05,B_verified,,
extension,Petrology_Geochemistry_Panel,,FSOT.Formal.PetrologyGeochemistryPriors,82,80,0.030428,B_verified,,
extension,Pharmacokinetics,,FSOT.Formal.PharmacokineticsGapFillPriors,34,56,0.00241237063663613,B_verified,,
extension,Pharmacology,,FSOT.Formal.PharmacologyPriors,20,120,0.0011715432153059484,A_strong,,
extension,Phi_Morphogenetic_Scaling,,FSOT.Formal.PhiMorphogeneticScalingPriors,47,289,0.01760779720633292,A_strong,,
extension,Physarum_Biological_CUDA_Panel,,FSOT.Formal.PhysarumBiologicalCudaPanelPriors,88,24,0.022236,B_verified,,
extension,Planetary_Atmospheres,,FSOT.Formal.PlanetaryAtmospheresPriors,23,21,0.0,B_verified,,
extension,Planetary_Structure,,FSOT.Formal.PlanetaryStructurePriors,21,20,0.0,B_verified,,
extension,Plasma_Physics,,FSOT.Formal.PlasmaPhysicsPriors,12,271833,0.0,A_strong,,
extension,Portable_Clone_Verify,,FSOT.Formal.PortableCloneVerifyPriors,46,290,0.0,A_strong,,
extension,Prediction_Rederivation,,FSOT.Formal.PredictionRederivationPriors,36,21,0.028160460849701814,B_verified,,
extension,Preregistered_Outcome_Tracking,,FSOT.Formal.PreregisteredOutcomeTrackingPriors,70,56,0.0,B_verified,,
extension,Preregistered_Predictions,,FSOT.Formal.PreregisteredPredictionsPriors,46,27,0.020098237848408945,B_verified,,
extension,Preregistered_Predictions_Verification_Scaffold,,FSOT.Formal.PreregisteredPredictionsVerificationScaffoldPriors,63,60,0.0,B_verified,,
extension,Programming_Language_Laws,,FSOT.Formal.ProgrammingLanguageLawsPriors,44,107,0.0,A_strong,,
extension,Proof_Carrying_Code_Genome,,FSOT.Formal.ProofCarryingCodeGenomePriors,47,25,0.0051685586271776884,B_verified,,
extension,Proof_Ledger_Closure_Spine,,FSOT.Formal.ProofLedgerClosureSpinePriors,70,24,0.0,B_verified,,
extension,Psychology_Psychometrics_Depth_Panel,,FSOT.Formal.PsychologyPsychometricsDepthPanelPriors,87,23,0.031506,B_verified,,
extension,PubChem_Compound_Properties,,FSOT.Formal.PubchemCompoundPropertiesPriors,38,500,0.002637,A_strong,,
extension,PubChem_Live_Deep,,FSOT.Formal.PubChemLiveDeepPriors,68,5254,0.032631,A_strong,,
extension,PubChem_Stability_Panel,,FSOT.Formal.PubChemStabilityPanelPriors,55,59,0.0024238898584426276,B_verified,,
extension,Public_Verifiable_Spine,,FSOT.Formal.PublicVerifiableSpinePriors,81,20,0.0,B_verified,,
extension,Published_Fuel_Property_Panel,,FSOT.Formal.PublishedFuelPropertyPanelPriors,57,31,0.0,B_verified,,
extension,Pure_Mathematics,,FSOT.Formal.PureMathematicsExtensionPriors,41,1578,0.0,A_strong,,
extension,Pure_Mathematics_Panel,,FSOT.Formal.PureMathematicsPanelPriors,86,44,0.02584,B_verified,,
extension,Quantum_Computing_Math_Depth_Panel,,FSOT.Formal.QuantumComputingMathDepthPanelPriors,87,77,0.014767,B_verified,,
extension,Quantum_Information,,FSOT.Formal.QuantumInformationPriors,66,24,0.0,B_verified,,
extension,Quantum_Materials,,FSOT.Formal.QuantumMaterialsPriors,27,168,0.024318115591995593,A_strong,,
extension,Quantum_Mechanics_Entanglement_Depth_Panel,,FSOT.Formal.QuantumMechanicsEntanglementDepthPanelPriors,87,23,0.095551,B_verified,,
extension,RCSB_PDB_Structures,,FSOT.Formal.RcsbPdbStructuresPriors,38,45,0.022236,B_verified,,
extension,RD_Interval_Tightening_Panel,,FSOT.Formal.RdIntervalTighteningPanelPriors,77,24,0.000502,B_verified,,
extension,Radio_Astronomy_Panel,,FSOT.Formal.RadioAstronomyPriors,82,30,0.022461,B_verified,,
extension,Reality_Folding_Spine,,FSOT.Formal.RealityFoldingSpinePriors,49,24,0.023914275640537417,B_verified,,
extension,Robotics_Control_Systems,,FSOT.Formal.RoboticsControlSystemsExtensionPriors,41,45,0.0,B_verified,,
extension,Robotics_Control_Systems_Panel,,FSOT.Formal.RoboticsControlSystemsPanelPriors,84,20,0.01341,B_verified,,
extension,Rust_Lean_Bridge,,FSOT.Formal.RustLeanBridgePriors,37,24,0.0,B_verified,,
extension,Rust_Lean_Bridge_Panel,,FSOT.Formal.RustLeanBridgePanelPriors,88,24,0.014767,B_verified,,
extension,SH0ES_Refined,,FSOT.Formal.SH0ESRefinedPriors,51,24,0.024894,B_verified,,
extension,SIMBAD_Stellar_Identity_Deep,,FSOT.Formal.SIMBADStellarIdentityDeepPriors,60,520,0.022461,A_strong,,
extension,STScI_MAST_Telescope_Panel,,FSOT.Formal.StsciMastTelescopePriors,79,377,0.022461,A_strong,,
extension,Scalar_Solver_35_Panel,,FSOT.Formal.ScalarSolver35PanelPriors,88,24,0.014767,B_verified,,
extension,Scientific_Expansion_Depth_Spine,,FSOT.Formal.ScientificExpansionDepthSpinePriors,86,20,0.0,B_verified,,
extension,Scientific_Expansion_Depth_Wave2_Spine,,FSOT.Formal.ScientificExpansionDepthWave2SpinePriors,87,40,0.0,B_verified,,
extension,Scientific_Expansion_Spine,,FSOT.Formal.ScientificExpansionSpinePriors,82,40,0.0,B_verified,,
extension,Scientific_Expansion_Wave2_Spine,,FSOT.Formal.ScientificExpansionWave2SpinePriors,84,40,0.0,B_verified,,
extension,Scientific_Expansion_Wave3_Spine,,FSOT.Formal.ScientificExpansionWave3SpinePriors,85,40,0.0,B_verified,,
extension,Secure_Software_Engineering,,FSOT.Formal.SecureSoftwareEngineeringPriors,43,59,0.0,B_verified,,
extension,Seismology,,FSOT.Formal.SeismologyPriors,21,500,0.0,A_strong,,
extension,Seismology_Deep,,FSOT.Formal.SeismologyDeepPriors,23,1000,0.0,A_strong,,
extension,Semiconductor_Physics_Public_Panel,,FSOT.Formal.SemiconductorPhysicsPublicPanelPriors,64,24,0.0,B_verified,,
extension,Small_Body_Orbits,,FSOT.Formal.SmallBodyOrbitsPriors,22,22,0.020214999999999997,B_verified,,
extension,Soil_Science_Panel,,FSOT.Formal.SoilSciencePriors,82,96,0.006006,B_verified,,
extension,Solar_System_Structure_Deep,,FSOT.Formal.SolarSystemStructureDeepPriors,54,50,0.0,B_verified,,
extension,Space_Propulsion_Systems,,FSOT.Formal.SpacePropulsionSystemsPriors,39,21,0.0,B_verified,,
extension,Space_Weather,,FSOT.Formal.SpaceWeatherPriors,17,271813,0.0,A_strong,,
extension,Speleology,,FSOT.Formal.SpeleologyExtensionPriors,41,65,0.0034072140135262413,B_verified,,
extension,Speleology_Panel,,FSOT.Formal.SpeleologyPanelPriors,85,24,0.04459,B_verified,,
extension,Sports_Biomechanics,,FSOT.Formal.SportsBiomechanicsGapFillPriors,34,35,0.04447250077037523,B_verified,,
extension,Star_Trek_Transporter_Live_Panel,,FSOT.Formal.StarTrekTransporterLivePanelPriors,88,1413,0.031159,A_strong,,
extension,Statistical_Mechanics_Public_Panel,,FSOT.Formal.StatisticalMechanicsPublicPanelPriors,64,24,0.0,B_verified,,
extension,Stellar_Multiplicity_Catalog,,FSOT.Formal.StellarMultiplicityCatalogPriors,53,68,0.0,B_verified,,
extension,Stellar_Multiplicity_Live_Deep,,FSOT.Formal.StellarMultiplicityLiveDeepPriors,58,69,0.0,B_verified,,
extension,Stumped_Observables_Panel,,FSOT.Formal.StumpedObservablesPanelPriors,51,24,0.029748999999999998,B_verified,,
extension,Stumped_Observables_Spine,,FSOT.Formal.StumpedObservablesSpinePriors,51,24,0.027761,B_verified,,
extension,Superheavy_Element_Stability_Panel,,FSOT.Formal.SuperheavyElementStabilityPanelPriors,72,50,1e-06,B_verified,,
extension,Superheavy_Island_Completion_Spine,,FSOT.Formal.SuperheavyIslandCompletionSpinePriors,74,43,0.0,B_verified,,
extension,Superheavy_Island_Emergence_Simulation,,FSOT.Formal.SuperheavyIslandEmergenceSimulationPriors,74,44,0.0,B_verified,,
extension,Supply_Chain_Logistics,,FSOT.Formal.SupplyChainLogisticsExtensionPriors,41,40,0.03230022603427978,B_verified,,
extension,Supply_Chain_Logistics_Panel,,FSOT.Formal.SupplyChainLogisticsPanelPriors,85,40,0.02584,B_verified,,
extension,Symbolic_Archetype_Panel,,FSOT.Formal.SymbolicArchetypePanelPriors,51,28,0.0,B_verified,,
extension,Synthetic_Biology,,FSOT.Formal.SyntheticBiologyPriors,27,20,0.0,B_verified,,
extension,Tectonics,,FSOT.Formal.TectonicsPriors,21,500,0.0,A_strong,,
extension,Term3_Acoustic_Bleed_Depth,,FSOT.Formal.Term3AcousticBleedDepthPriors,67,23,0.008381497018408523,B_verified,,
extension,The_Well_Outcomes_Verification_Panel,,FSOT.Formal.TheWellOutcomesVerificationPanelPriors,89,246,0.031159,A_strong,,
extension,The_Well_Spot_Check_Panel,,FSOT.Formal.TheWellSpotCheckPanelPriors,89,24,0.031159,B_verified,,
extension,The_Well_Verification_Spine,,FSOT.Formal.TheWellVerificationSpinePriors,89,24,0.028287,B_verified,,
extension,Theory_Completeness_Spine,,FSOT.Formal.TheoryCompletenessSpinePriors,45,24,0.021927861384483893,B_verified,,
extension,Tier_93_Dual_Wave_Spine,,FSOT.Formal.Tier93DualWaveSpinePriors,93,24,0.011093889935064888,B_verified,,
extension,Tier_94_Longevity_Spine,,FSOT.Formal.Tier94LongevitySpinePriors,94,34,0.0,B_verified,,
extension,Tier_95_Zebrafish_Spine,,FSOT.Formal.Tier95ZebrafishSpinePriors,95,24,0.013342,B_verified,,
extension,Time_Domain_Crosswalk,,FSOT.Formal.TimeDomainCrosswalkPriors,50,250,0.028056,A_strong,,
extension,Time_Emergence_Deep_Panel,,FSOT.Formal.TimeEmergenceDeepPanelPriors,76,24,0.024894,B_verified,,
extension,Time_Emergence_Simulation,,FSOT.Formal.TimeEmergenceSimulationPriors,50,28,0.0,B_verified,,
extension,ToE_Claim_Certificate_Bundle,,FSOT.Formal.ToEClaimCertificateBundlePriors,70,24,0.0020923899350648867,B_verified,,
extension,ToE_Gap_Closure_Spine,,FSOT.Formal.ToEGapClosureSpinePriors,46,24,0.021927861384483893,B_verified,,
extension,ToE_Unification_Spine,,FSOT.Formal.ToEUnificationSpinePriors,48,24,0.01900826880249791,B_verified,,
extension,Tokenization_Live_Panel,,FSOT.Formal.TokenizationLivePanelPriors,88,24,0.022236,B_verified,,
extension,Tokenization_Smoke,,FSOT.Formal.TokenizationSmokePriors,33,24,0.0,B_verified,,
extension,Toxicology_Panel,,FSOT.Formal.ToxicologyPriors,82,21,0.033401,B_verified,,
extension,Trinary_Hardware_Live_Panel,,FSOT.Formal.TrinaryHardwareLivePanelPriors,88,37,0.014767,B_verified,,
extension,Trinary_Hardware_Motif,,FSOT.Formal.TrinaryHardwareMotifPriors,33,24,0.0,B_verified,,
extension,Trinary_OS_ISA_Rebuild,,FSOT.Formal.TrinaryOSISARebuildPriors,31,38,0.0,B_verified,,
extension,Trinary_OS_Portable,,FSOT.Formal.TrinaryOSPortablePriors,30,24,0.013342,B_verified,,
extension,Trinary_OS_Round_Trip,,FSOT.Formal.TrinaryOSRoundTripPriors,32,22,0.0,B_verified,,
extension,Trinary_OS_Tier_E,,FSOT.Formal.TrinaryOSTierEPriors,40,68,0.0,B_verified,,
extension,UAP_War_Gov_Release_Panel,,FSOT.Formal.UapWarGovReleasePriors,80,542,0.008488,A_strong,,
extension,Undiscovered_Element_Candidate_Prereg_Scaffold,,FSOT.Formal.UndiscoveredElementCandidatePreregScaffoldPriors,72,25,0.0,B_verified,,
extension,UniProt_Protein_Annotations,,FSOT.Formal.UniprotProteinAnnotationsPriors,38,22,0.026684,B_verified,,
extension,UniProt_Structure_Annotations_Deep,,FSOT.Formal.UniProtStructureAnnotationsDeepPriors,56,121,0.0,A_strong,,
extension,Unified_DB_Candidate_Crosswalk,,FSOT.Formal.UnifiedDBCandidateCrosswalkPriors,69,46,0.0,B_verified,,
extension,Unified_DB_Crosswalk_Spine,,FSOT.Formal.UnifiedDBCrosswalkSpinePriors,69,24,0.0020923899350648867,B_verified,,
extension,VL_Agent_Distill_Panel,,FSOT.Formal.VlAgentDistillPanelPriors,88,24,0.022236,B_verified,,
extension,VL_Distill_Atlas,,FSOT.Formal.VlDistillAtlasPriors,37,24,0.0,B_verified,,
extension,Virology,,FSOT.Formal.VirologyExtensionPriors,41,50,0.04593318440797614,B_verified,,
extension,Virology_Panel,,FSOT.Formal.VirologyPanelPriors,84,24,0.022236,B_verified,,
extension,VizieR_WDS_TAP_Live_Deep,,FSOT.Formal.VizieRWdsTapLiveDeepPriors,68,121,0.026954,A_strong,,
extension,Volcanology_Panel,,FSOT.Formal.VolcanologyPriors,82,90,0.023502,B_verified,,
extension,WDS_Live_Multiplicity_Deep,,FSOT.Formal.WDSLiveMultiplicityDeepPriors,62,281,0.026954,A_strong,,
extension,Warp_BH_WH_Portal_Panel,,FSOT.Formal.WarpBhWhPortalPriors,78,24,0.0,B_verified,,
extension,World_Bank_Development,,FSOT.Formal.WorldBankDevelopmentPriors,38,420,0.02584,A_strong,,
extension,XR_Interactive_Media_Math_Scaffold,,FSOT.Formal.XRInteractiveMediaMathScaffoldPriors,61,24,0.0,B_verified,,
extension,Z120_Z126_Beam_Synthesis_Panel,,FSOT.Formal.Z120Z126BeamSynthesisPanelPriors,74,20,9.5e-05,B_verified,,
extension,Z164_Distant_Island_Prereg_Scaffold,,FSOT.Formal.Z164DistantIslandPreregScaffoldPriors,75,24,0.0,B_verified,,
extension,Zebrafish_Cell_Tracking_Panel,,FSOT.Formal.ZebrafishCellTrackingPanelPriors,95,20,0.022236,B_verified,,
extension,Zebrafish_Developmental_Mechanics_Panel,,FSOT.Formal.ZebrafishDevelopmentalMechanicsPanelPriors,95,31,0.017789,B_verified,,
extension,Zebrafish_Longevity_Genetics_Coupling_Panel,,FSOT.Formal.ZebrafishLongevityGeneticsCouplingPanelPriors,95,24,0.014453500000000001,B_verified,,
extension,Zero_Boundary_Not_Entity_Panel,,FSOT.Formal.ZeroBoundaryNotEntityPanelPriors,91,24,0.020055,B_verified,,
extension,Zero_Day_Risk_Evaluator,,FSOT.Formal.ZeroDayRiskEvaluatorPriors,43,26,0.010337117254355377,B_verified,,
extension,Zoology,,FSOT.Formal.ZoologyExtensionPriors,35,1000,0.01778900030815634,A_strong,,
extension,iNaturalist_Observation_Panel,,FSOT.Formal.InaturalistObservationPriors,81,288,0.006006,A_strong,,
