D_eff,delta_psi,recent_hits,S_final,fertile,intelligence_score,compression_ratio,fidelity_proxy
6,0.2,0,0.14806450291069925,False,0.0,24.0,0.0
6,0.2,1,0.14809147918973453,False,0.0,24.0,0.0
6,0.2,2,0.148118429281082,False,0.0,24.0,0.0
6,0.2,3,0.1481453532107139,False,0.0,24.0,0.0
6,0.3,0,0.1300572780008903,False,0.0,24.0,0.0
6,0.3,1,0.1301013415790377,False,0.0,24.0,0.0
6,0.3,2,0.1301453623817071,False,0.0,24.0,0.0
6,0.3,3,0.13018934045132224,False,0.0,24.0,0.0
6,0.4,0,0.12662333803410242,False,0.0,24.0,0.0
6,0.4,1,0.12667066012429923,False,0.0,24.0,0.0
6,0.4,2,0.12671793627576136,False,0.0,24.0,0.0
6,0.4,3,0.12676516653404973,False,0.0,24.0,0.0
6,0.5,0,0.14017496701455903,False,0.0,24.0,0.0
6,0.5,1,0.1402094297808453,False,0.0,24.0,0.0
6,0.5,2,0.1402438590918072,False,0.0,24.0,0.0
6,0.5,3,0.14027825498062493,False,0.0,24.0,0.0
6,0.6,0,0.1712954776666181,False,0.0,24.0,0.0
6,0.6,1,0.1713004097597053,False,0.0,24.0,0.0
6,0.6,2,0.17130533706487816,False,0.0,24.0,0.0
6,0.6,3,0.17131025958688517,False,0.0,24.0,0.0
6,0.7,0,0.2183218496759674,True,0.6314789978397826,24.0,0.9262957995679566
6,0.7,1,0.21828215780902166,True,0.6312143853934776,24.0,0.9262428770786956
6,0.7,2,0.2182425044736398,True,0.6309500298242652,24.0,0.9261900059648531
6,0.7,3,0.2182028896316072,True,0.6306859308773812,24.0,0.9261371861754764
6,0.8,0,0.2771100395667695,True,0.9765997362215367,24.0,0.9953199472443074
6,0.8,1,0.27701456279182407,True,0.9772362480545063,24.0,0.9954472496109013
6,0.8,2,0.27691917870260346,True,0.9778721419826436,24.0,0.9955744283965288
6,0.8,3,0.27682388720718426,True,0.9785074186187717,24.0,0.9957014837237543
6,0.9,0,0.3410415312469817,True,0.5503897916867886,24.0,0.9100779583373577
6,0.9,1,0.340885389015449,True,0.5514307398970066,24.0,0.9102861479794013
6,0.9,2,0.3407293983616788,True,0.552470677588808,24.0,0.9104941355177616
6,0.9,3,0.3405735591353398,True,0.5535096057644012,24.0,0.9107019211528803
6,1.0,0,0.4013126460431422,False,0.0,24.0,0.0
6,1.0,1,0.4010993117361231,False,0.0,24.0,0.0
6,1.0,2,0.40088618452705954,False,0.0,24.0,0.0
6,1.0,3,0.40067326421055666,False,0.0,24.0,0.0
6,1.1,0,0.4475234930389074,False,0.0,24.0,0.0
6,1.1,1,0.44726630863456374,False,0.0,24.0,0.0
6,1.1,2,0.4470093738964134,False,0.0,24.0,0.0
6,1.1,3,0.4467526885768433,False,0.0,24.0,0.0
6,1.2,0,0.4685526918874946,False,0.0,24.0,0.0
6,1.2,1,0.46827555259212167,False,0.0,24.0,0.0
6,1.2,2,0.4679986823344965,False,0.0,24.0,0.0
6,1.2,3,0.46772208084779376,False,0.0,24.0,0.0
7,0.2,0,0.1480411711739006,False,0.0,28.0,0.0
7,0.2,1,0.14806816959273625,False,0.0,28.0,0.0
7,0.2,2,0.1480951418023915,False,0.0,28.0,0.0
7,0.2,3,0.14812208782886,False,0.0,28.0,0.0
7,0.3,0,0.13001916748882156,False,0.0,28.0,0.0
7,0.3,1,0.13006326723054898,False,0.0,28.0,0.0
7,0.3,2,0.130107324161692,False,0.0,28.0,0.0
7,0.3,3,0.13015133832470915,False,0.0,28.0,0.0
7,0.4,0,0.12658240924063194,False,0.0,28.0,0.0
7,0.4,1,0.12662977016871413,False,0.0,28.0,0.0
7,0.4,2,0.12667708512035902,False,0.0,28.0,0.0
7,0.4,3,0.12672435414116504,False,0.0,28.0,0.0
7,0.5,0,0.1401451602279635,False,0.0,28.0,0.0
7,0.5,1,0.14017965127831244,False,0.0,28.0,0.0
7,0.5,2,0.1402141088458798,False,0.0,28.0,0.0
7,0.5,3,0.14024853296387296,False,0.0,28.0,0.0
7,0.6,0,0.17129121190788882,False,0.0,28.0,0.0
7,0.6,1,0.17129614804881216,False,0.0,28.0,0.0
7,0.6,2,0.1713010793978916,False,0.0,28.0,0.0
7,0.6,3,0.17130600595987963,False,0.0,28.0,0.0
7,0.7,0,0.21835617910262473,True,0.6317078606841647,28.0,0.926341572136833
7,0.7,1,0.21831645466002195,True,0.6314430310668129,28.0,0.9262886062133626
7,0.7,2,0.21827676878060653,True,0.6311784585373768,28.0,0.9262356917074754
7,0.7,3,0.21823712142613236,True,0.6309141428408823,28.0,0.9261828285681766
7,0.8,0,0.27719261726328964,True,0.9760492182447358,28.0,0.9952098436489472
7,0.8,1,0.2770970621292518,True,0.9766862524716549,28.0,0.995337250494331
7,0.8,2,0.2770015997570072,True,0.9773226682866186,28.0,0.9954645336573238
7,0.8,3,0.27690623005455706,True,0.977958466302953,28.0,0.9955916932605906
7,0.9,0,0.34117657839134585,True,0.5494894773910277,28.0,0.9098978954782055
7,0.9,1,0.3410203080117524,True,0.5505312799216505,28.0,0.9101062559843301
7,0.9,2,0.3408641893343235,True,0.55157207110451,28.0,0.9103144142209021
7,0.9,3,0.34070822220860436,True,0.5526118519426376,28.0,0.9105223703885276
7,1.0,0,0.40149715851407985,False,0.0,28.0,0.0
7,1.0,1,0.40128364912068315,False,0.0,28.0,0.0
7,1.0,2,0.40107034699521005,False,0.0,28.0,0.0
7,1.0,3,0.40085725193209715,False,0.0,28.0,0.0
7,1.1,0,0.4477459313827216,False,0.0,28.0,0.0
7,1.1,1,0.44748853590362686,False,0.0,28.0,0.0
7,1.1,2,0.44723139029562986,False,0.0,28.0,0.0
7,1.1,3,0.44697449431091446,False,0.0,28.0,0.0
7,1.2,0,0.46879238918183835,False,0.0,28.0,0.0
7,1.2,1,0.46851502243446297,False,0.0,28.0,0.0
7,1.2,2,0.46823792494563826,False,0.0,28.0,0.0
7,1.2,3,0.46796109644831996,False,0.0,28.0,0.0
8,0.2,0,0.14815108195207202,False,0.0,32.0,0.0
8,0.2,1,0.14817797607508465,False,0.0,32.0,0.0
8,0.2,2,0.14820484409016388,False,0.0,32.0,0.0
8,0.2,3,0.14823168602320286,False,0.0,32.0,0.0
8,0.3,0,0.13019869788872823,False,0.0,32.0,0.0
8,0.3,1,0.13024262727163252,False,0.0,32.0,0.0
8,0.3,2,0.13028651400933122,False,0.0,32.0,0.0
8,0.3,3,0.1303303581441188,False,0.0,32.0,0.0
8,0.4,0,0.12677521595617008,False,0.0,32.0,0.0
8,0.4,1,0.12682239392735378,False,0.0,32.0,0.0
8,0.4,2,0.1268695260997088,False,0.0,32.0,0.0
8,0.4,3,0.12691661251865735,False,0.0,32.0,0.0
8,0.5,0,0.14028557356871782,False,0.0,32.0,0.0
8,0.5,1,0.14031993137894985,False,0.0,32.0,0.0
8,0.5,2,0.1403542558357454,False,0.0,32.0,0.0
8,0.5,3,0.1403885469721836,False,0.0,32.0,0.0
8,0.6,0,0.17131130697691305,False,0.0,32.0,0.0
8,0.6,1,0.17131622404935376,False,0.0,32.0,0.0
8,0.6,2,0.1713211363484617,False,0.0,32.0,0.0
8,0.6,3,0.17132604387897085,False,0.0,32.0,0.0
8,0.7,0,0.2181944605803116,True,0.6306297372020773,32.0,0.9261259474404155
8,0.7,1,0.21815488959460055,True,0.6303659306306703,32.0,0.9260731861261341
8,0.7,2,0.21811535702310592,True,0.6301023801540393,32.0,0.926020476030808
8,0.7,3,0.21807586282772937,True,0.6298390855181957,32.0,0.9259678171036392
8,0.8,0,0.2768036115513515,True,0.9786425896576566,32.0,0.9957285179315314
8,0.8,1,0.2767084255500917,True,0.9792771629993889,32.0,0.9958554325998779
8,0.8,2,0.2766133319522832,True,0.979911120318112,32.0,0.9959822240636225
8,0.8,3,0.2765183306662825,True,0.9805444622247833,32.0,0.9961088924449567
8,0.9,0,0.34054040043104417,True,0.5537306637930389,32.0,0.9107461327586078
8,0.9,1,0.3403847337293162,True,0.5547684418045586,32.0,0.9109536883609117
8,0.9,2,0.34022921814372203,True,0.5558052123751864,32.0,0.9111610424750374
8,0.9,3,0.3400738535243882,True,0.5568409765040788,32.0,0.9113681953008158
8,1.0,0,0.40062796007257223,False,0.0,32.0,0.0
8,1.0,1,0.4004152754733251,False,0.0,32.0,0.0
8,1.0,2,0.40020279734131853,False,0.0,32.0,0.0
8,1.0,3,0.3999905254717832,False,0.0,32.0,0.0
8,1.1,0,0.4466980723367052,False,0.0,32.0,0.0
8,1.1,1,0.4464416711852227,False,0.0,32.0,0.0
8,1.1,2,0.4461855189395772,False,0.0,32.0,0.0
8,1.1,3,0.4459296153529099,False,0.0,32.0,0.0
8,1.2,0,0.46766322694354406,False,0.0,32.0,0.0
8,1.2,1,0.467386931673479,False,0.0,32.0,0.0
8,1.2,2,0.46711090462180943,False,0.0,32.0,0.0
8,1.2,3,0.4668351455225229,False,0.0,32.0,0.0
9,0.2,0,0.14833522554056988,False,0.0,36.0,0.0
9,0.2,1,0.14836194492724242,False,0.0,36.0,0.0
9,0.2,2,0.14838863837560984,False,0.0,36.0,0.0
9,0.2,3,0.14841530591139712,False,0.0,36.0,0.0
9,0.3,0,0.13049948160287594,False,0.0,36.0,0.0
9,0.3,1,0.13054312556804834,False,0.0,36.0,0.0
9,0.3,2,0.13058672716508932,False,0.0,36.0,0.0
9,0.3,3,0.13063028643601854,False,0.0,36.0,0.0
9,0.4,0,0.12709824269728096,False,0.0,36.0,0.0
9,0.4,1,0.1271451141440238,False,0.0,36.0,0.0
9,0.4,2,0.12719194008950188,False,0.0,36.0,0.0
9,0.4,3,0.12723872057884222,False,0.0,36.0,0.0
9,0.5,0,0.14052082089268045,False,0.0,36.0,0.0
9,0.5,1,0.140554955473547,False,0.0,36.0,0.0
9,0.5,2,0.14058905691768087,False,0.0,36.0,0.0
9,0.5,3,0.14062312525794624,False,0.0,36.0,0.0
9,0.6,0,0.17134497408566068,False,0.0,36.0,0.0
9,0.6,1,0.17134985921092685,False,0.0,36.0,0.0
9,0.6,2,0.17135473959387348,False,0.0,36.0,0.0
9,0.6,3,0.17135961523920387,False,0.0,36.0,0.0
9,0.7,0,0.2179235187352921,True,0.6288234582352805,36.0,0.9257646916470561
9,0.7,1,0.21788420484995993,True,0.6285613656663995,36.0,0.92571227313328
9,0.7,2,0.2178449291292596,True,0.6282995275283972,36.0,0.9256599055056796
9,0.7,3,0.2178056915353403,True,0.6280379435689352,36.0,0.9256075887137871
9,0.8,0,0.2761518746704541,True,0.9829875021969727,36.0,0.9965975004393945
9,0.8,1,0.2760573071111298,True,0.9836179525924681,36.0,0.9967235905184937
9,0.8,2,0.2759628313548937,True,0.9842477909673755,36.0,0.9968495581934751
9,0.8,3,0.2758684473106976,True,0.9848770179286828,36.0,0.9969754035857366
9,0.9,0,0.33947455325497855,True,0.5608363116334764,36.0,0.9121672623266953
9,0.9,1,0.3393198979500425,True,0.5618673469997165,36.0,0.9123734693999433
9,0.9,2,0.3391653927794094,True,0.5628973814706042,36.0,0.9125794762941208
9,0.9,3,0.3390110375941795,True,0.5639264160388033,36.0,0.9127852832077608
9,1.0,0,0.3991717123523866,False,0.0,36.0,0.0
9,1.0,1,0.3989604096062846,False,0.0,36.0,0.0
9,1.0,2,0.39874931198596536,False,0.0,36.0,0.0
9,1.0,3,0.39853841928799,False,0.0,36.0,0.0
9,1.1,0,0.44494249815022796,False,0.0,36.0,0.0
9,1.1,1,0.4446877628868202,False,0.0,36.0,0.0
9,1.1,2,0.44443327491206,False,0.0,36.0,0.0
9,1.1,3,0.44417903398069236,False,0.0,36.0,0.0
9,1.2,0,0.46577143807610955,False,0.0,36.0,0.0
9,1.2,1,0.46549693795007113,False,0.0,36.0,0.0
9,1.2,2,0.46522270429976137,False,0.0,36.0,0.0
9,1.2,3,0.46494873686089583,False,0.0,36.0,0.0
10,0.2,0,0.1485609196691601,False,0.0,40.0,0.0
10,0.2,1,0.14858742489162344,False,0.0,40.0,0.0
10,0.2,2,0.14861390438368524,False,0.0,40.0,0.0
10,0.2,3,0.14864035817086427,False,0.0,40.0,0.0
10,0.3,0,0.13086813477626344,False,0.0,40.0,0.0
10,0.3,1,0.13091142892145669,False,0.0,40.0,0.0
10,0.3,2,0.1309546810381123,False,0.0,40.0,0.0
10,0.3,3,0.13099789116791316,False,0.0,40.0,0.0
10,0.4,0,0.12749415786023108,False,0.0,40.0,0.0
10,0.4,1,0.1275406536177244,False,0.0,40.0,0.0
10,0.4,2,0.12758710423865977,False,0.0,40.0,0.0
10,0.4,3,0.12763350976780252,False,0.0,40.0,0.0
10,0.5,0,0.14080914990928117,False,0.0,40.0,0.0
10,0.5,1,0.14084301089084666,False,0.0,40.0,0.0
10,0.5,2,0.14087683900128073,False,0.0,40.0,0.0
10,0.5,3,0.1409106342731841,False,0.0,40.0,0.0
10,0.6,0,0.17138623791044508,False,0.0,40.0,0.0
10,0.6,1,0.17139108387991017,False,0.0,40.0,0.0
10,0.6,2,0.17139592514506688,False,0.0,40.0,0.0
10,0.6,3,0.17140076171058086,False,0.0,40.0,0.0
10,0.7,0,0.2175914410120917,True,0.626609606747278,40.0,0.9253219213494557
10,0.7,1,0.2175524422397997,True,0.6263496149319978,40.0,0.9252699229863997
10,0.7,2,0.21751348132623802,True,0.6260898755082533,40.0,0.9252179751016507
10,0.7,3,0.2174745582338593,True,0.6258303882257286,40.0,0.9251660776451458
10,0.8,0,0.2753530785320486,True,0.9883128097863427,40.0,0.9976625619572685
10,0.8,1,0.275259268961177,True,0.988938206925487,40.0,0.9977876413850975
10,0.8,2,0.2751655504575632,True,0.9895629969495788,40.0,0.9979125993899158
10,0.8,3,0.27507192293088883,True,0.9901871804607412,40.0,0.9980374360921482
10,0.9,0,0.33816820611807963,True,0.5695452925461358,40.0,0.9139090585092272
10,0.9,1,0.3380147904235991,True,0.5705680638426727,40.0,0.9141136127685345
10,0.9,2,0.33786152366004824,True,0.5715898422663451,40.0,0.9143179684532691
10,0.9,3,0.3377084056797209,True,0.5726106288018609,40.0,0.9145221257603722
10,1.0,0,0.3973868738852976,False,0.0,40.0,0.0
10,1.0,1,0.3971772647965419,False,0.0,40.0,0.0
10,1.0,2,0.39696785918942185,False,0.0,40.0,0.0
10,1.0,3,0.39675865686212924,False,0.0,40.0,0.0
10,1.1,0,0.44279079257402726,False,0.0,40.0,0.0
10,1.1,1,0.44253809909312436,False,0.0,40.0,0.0
10,1.1,2,0.4422856509187734,False,0.0,40.0,0.0
10,1.1,3,0.44203344780768533,False,0.0,40.0,0.0
10,1.2,0,0.4634527820566671,False,0.0,40.0,0.0
10,1.2,1,0.4631804821346657,False,0.0,40.0,0.0
10,1.2,2,0.462908446552507,False,0.0,40.0,0.0
10,1.2,3,0.4626366750480249,False,0.0,40.0,0.0
11,0.2,0,0.14880917180291536,False,0.0,44.0,0.0
11,0.2,1,0.14883544145557345,False,0.0,44.0,0.0
11,0.2,2,0.14886168560651347,False,0.0,44.0,0.0
11,0.2,3,0.1488879042810274,False,0.0,44.0,0.0
11,0.3,0,0.13127363463344074,False,0.0,44.0,0.0
11,0.3,1,0.13131654399433856,False,0.0,44.0,0.0
11,0.3,2,0.13135941170023474,False,0.0,44.0,0.0
11,0.3,3,0.13140223779244167,False,0.0,44.0,0.0
11,0.4,0,0.12792964452797193,False,0.0,44.0,0.0
11,0.4,1,0.12797572704627996,False,0.0,44.0,0.0
11,0.4,2,0.1280217648291891,False,0.0,44.0,0.0
11,0.4,3,0.1280677579210668,False,0.0,44.0,0.0
11,0.5,0,0.14112629725397197,False,0.0,44.0,0.0
11,0.5,1,0.14115985729013533,False,0.0,44.0,0.0
11,0.5,2,0.14119338474731521,False,0.0,44.0,0.0
11,0.5,3,0.1412268796578226,False,0.0,44.0,0.0
11,0.6,0,0.1714316260320308,False,0.0,44.0,0.0
11,0.6,1,0.17143642893209382,False,0.0,44.0,0.0
11,0.6,2,0.17144122716965884,False,0.0,44.0,0.0
11,0.6,3,0.17144602074934998,False,0.0,44.0,0.0
11,0.7,0,0.21722617230141672,True,0.6241744820094447,44.0,0.924834896401889
11,0.7,1,0.21718752013754136,True,0.6239168009169423,44.0,0.9247833601833886
11,0.7,2,0.21714890549592034,True,0.6236593699728021,44.0,0.9247318739945605
11,0.7,3,0.2171103283393399,True,0.6234021889289326,44.0,0.9246804377857866
11,0.8,0,0.27447444315489755,True,0.9941703789673497,44.0,0.9988340757934699
11,0.8,1,0.27438146733301144,True,0.9947902177799238,44.0,0.9989580435559848
11,0.8,2,0.2742885817690069,True,0.9954094548732875,44.0,0.9990818909746575
11,0.8,3,0.27419578637336833,True,0.9960280908442112,44.0,0.9992056181688422
11,0.9,0,0.3367312902967158,True,0.5791247313552281,44.0,0.9158249462710457
11,0.9,1,0.3365792381110802,True,0.5801384125927986,44.0,0.9160276825185598
11,0.9,2,0.33642733353272464,True,0.5811511097818358,44.0,0.9162302219563672
11,0.9,3,0.33627557641525563,True,0.5821628238982959,44.0,0.9164325647796592
11,1.0,0,0.39542364178603556,False,0.0,44.0,0.0
11,1.0,1,0.39521589563475495,False,0.0,44.0,0.0
11,1.0,2,0.3950083511566313,False,0.0,44.0,0.0
11,1.0,3,0.3948010081516501,False,0.0,44.0,0.0
11,1.1,0,0.44042402519801466,False,0.0,44.0,0.0
11,1.1,1,0.44017357757466535,False,0.0,44.0,0.0
11,1.1,2,0.4399233730776631,False,0.0,44.0,0.0
11,1.1,3,0.43967341146588096,False,0.0,44.0,0.0
11,1.2,0,0.46090237763158715,False,0.0,44.0,0.0
11,1.2,1,0.46063249782281734,False,0.0,44.0,0.0
11,1.2,2,0.4603628800045235,False,0.0,44.0,0.0
11,1.2,3,0.46009352391686975,False,0.0,44.0,0.0
12,0.2,0,0.14906855832442442,False,0.0,48.0,0.0
12,0.2,1,0.14909458184170626,False,0.0,48.0,0.0
12,0.2,2,0.14912058009621015,False,0.0,48.0,0.0
12,0.2,3,0.14914655311299116,False,0.0,48.0,0.0
12,0.3,0,0.13169732161584283,False,0.0,48.0,0.0
12,0.3,1,0.13173982893443625,False,0.0,48.0,0.0
12,0.3,2,0.13178229498831753,False,0.0,48.0,0.0
12,0.3,3,0.131824719818412,False,0.0,48.0,0.0
12,0.4,0,0.1283846632631592,False,0.0,48.0,0.0
12,0.4,1,0.12843031400803914,False,0.0,48.0,0.0
12,0.4,2,0.1284759204366717,False,0.0,48.0,0.0
12,0.4,3,0.1285214825930086,False,0.0,48.0,0.0
12,0.5,0,0.14145766901420934,False,0.0,48.0,0.0
12,0.5,1,0.14149091460723048,False,0.0,48.0,0.0
12,0.5,2,0.14152412792651914,False,0.0,48.0,0.0
12,0.5,3,0.1415573090040837,False,0.0,48.0,0.0
12,0.6,0,0.17147904986198084,False,0.0,48.0,0.0
12,0.6,1,0.17148380776093064,False,0.0,48.0,0.0
12,0.6,2,0.171488561041068,False,0.0,48.0,0.0
12,0.6,3,0.17149330970697377,False,0.0,48.0,0.0
12,0.7,0,0.21684452087774156,True,0.6216301391849437,48.0,0.9243260278369888
12,0.7,1,0.21680623086806075,True,0.6213748724537382,48.0,0.9242749744907477
12,0.7,2,0.2167679780290668,True,0.621119853527112,48.0,0.9242239707054225
12,0.7,3,0.2167297623238947,True,0.620865082159298,48.0,0.9241730164318597
12,0.8,0,0.27355639999165665,True,0.9997093332777109,48.0,0.9999418666555422
12,0.8,1,0.2734642953133369,True,0.9990953020889125,48.0,0.9998190604177826
12,0.8,2,0.27337228004722103,True,0.9984818669814735,48.0,0.9996963733962947
12,0.8,3,0.2732803541046323,True,0.9978690273642153,48.0,0.9995738054728431
12,0.9,0,0.3352299271826636,True,0.5891338187822428,48.0,0.9178267637564486
12,0.9,1,0.3350792996607802,True,0.5901380022614653,48.0,0.9180276004522931
12,0.9,2,0.3349288183631599,True,0.5911412109122673,48.0,0.9182282421824535
12,0.9,3,0.33477848314478087,True,0.5921434457014609,48.0,0.9184286891402922
12,1.0,0,0.3933723565163407,False,0.0,48.0,0.0
12,1.0,1,0.3931665568573787,False,0.0,48.0,0.0
12,1.0,2,0.39296095698198286,False,0.0,48.0,0.0
12,1.0,3,0.39275555669201234,False,0.0,48.0,0.0
12,1.1,0,0.43795110563998896,False,0.0,48.0,0.0
12,1.1,1,0.4377030046034336,False,0.0,48.0,0.0
12,1.1,2,0.43745514441523564,False,0.0,48.0,0.0
12,1.1,3,0.4372075248365275,False,0.0,48.0,0.0
12,1.2,0,0.4582375846960511,False,0.0,48.0,0.0
12,1.2,1,0.45797023354531663,False,0.0,48.0,0.0
12,1.2,2,0.4577031419303197,False,0.0,48.0,0.0
12,1.2,3,0.45743630959365905,False,0.0,48.0,0.0
13,0.2,0,0.14933204513643641,False,0.0,52.0,0.0
13,0.2,1,0.14935781862752087,False,0.0,52.0,0.0
13,0.2,2,0.1493835670985447,False,0.0,52.0,0.0
13,0.2,3,0.1494092905743221,False,0.0,52.0,0.0
13,0.3,0,0.132127706092394,False,0.0,52.0,0.0
13,0.3,1,0.1321698050133403,False,0.0,52.0,0.0
13,0.3,2,0.13221186306603355,False,0.0,52.0,0.0
13,0.3,3,0.13225388029100585,False,0.0,52.0,0.0
13,0.4,0,0.12884687477377557,False,0.0,52.0,0.0
13,0.4,1,0.12889208691990564,False,0.0,52.0,0.0
13,0.4,2,0.12893725517556553,False,0.0,52.0,0.0
13,0.4,3,0.12898237958428485,False,0.0,52.0,0.0
13,0.5,0,0.1417942789821745,False,0.0,52.0,0.0
13,0.5,1,0.14182720516144723,False,0.0,52.0,0.0
13,0.5,2,0.14186009937706393,False,0.0,52.0,0.0
13,0.5,3,0.14189296166072535,False,0.0,52.0,0.0
13,0.6,0,0.17152722335108214,False,0.0,52.0,0.0
13,0.6,1,0.17153193553755694,False,0.0,52.0,0.0
13,0.6,2,0.17153664314959555,False,0.0,52.0,0.0
13,0.6,3,0.17154134619173475,False,0.0,52.0,0.0
13,0.7,0,0.21645683644318045,True,0.6190455762878696,52.0,0.923809115257574
13,0.7,1,0.21641891431249974,True,0.6187927620833316,52.0,0.9237585524166664
13,0.7,2,0.21638102899538103,True,0.6185401933025401,52.0,0.9237080386605081
13,0.7,3,0.21634318045531345,True,0.6182878697020896,52.0,0.923657573940418
13,0.8,0,0.27262384472639273,True,0.9934922981759514,52.0,0.9986984596351903
13,0.8,1,0.272532624962369,True,0.9928841664157934,52.0,0.9985768332831587
13,0.8,2,0.27244149375150356,True,0.9922766250100237,52.0,0.9984553250020047
13,0.8,3,0.2723504510059713,True,0.9916696733731417,52.0,0.9983339346746284
13,0.9,0,0.3337048310508655,True,0.5993011263275633,52.0,0.9198602252655127
13,0.9,1,0.33355565071331567,True,0.600295661911229,52.0,0.9200591323822458
13,0.9,2,0.33340661519514964,True,0.6012892320323358,52.0,0.9202578464064672
13,0.9,3,0.33325772435273915,True,0.6022818376484057,52.0,0.9204563675296812
13,1.0,0,0.3912886452537252,False,0.0,52.0,0.0
13,1.0,1,0.3910848228565449,False,0.0,52.0,0.0
13,1.0,2,0.3908811983234696,False,0.0,52.0,0.0
13,1.0,3,0.3906777714582626,False,0.0,52.0,0.0
13,1.1,0,0.43543909504315625,False,0.0,52.0,0.0
13,1.1,1,0.4351933776874099,False,0.0,52.0,0.0
13,1.1,2,0.43494789886602175,False,0.0,52.0,0.0
13,1.1,3,0.4347026583424191,False,0.0,52.0,0.0
13,1.2,0,0.4555306676551362,False,0.0,52.0,0.0
13,1.2,1,0.45526588513457,False,0.0,52.0,0.0
13,1.2,2,0.4550013596561993,False,0.0,52.0,0.0
13,1.2,3,0.4547370909650959,False,0.0,52.0,0.0
14,0.2,0,0.14959524169365143,False,0.0,56.0,0.0
14,0.2,1,0.1496207654339653,False,0.0,56.0,0.0
14,0.2,2,0.1496462643966683,False,0.0,56.0,0.0
14,0.2,3,0.14967173860633434,False,0.0,56.0,0.0
14,0.3,0,0.13255761646112205,False,0.0,56.0,0.0
14,0.3,1,0.13259930743430862,False,0.0,56.0,0.0
14,0.3,2,0.1326409579352644,False,0.0,56.0,0.0
14,0.3,3,0.13268256800412875,False,0.0,56.0,0.0
14,0.4,0,0.129308577116183,False,0.0,56.0,0.0
14,0.4,1,0.1293533511467197,False,0.0,56.0,0.0
14,0.4,2,0.12939808171209455,False,0.0,56.0,0.0
14,0.4,3,0.12944276885541525,False,0.0,56.0,0.0
14,0.5,0,0.14213051814350552,False,0.0,56.0,0.0
14,0.5,1,0.14216312526089325,False,0.0,56.0,0.0
14,0.5,2,0.1421957007243598,False,0.0,56.0,0.0
14,0.5,3,0.1422282445652987,False,0.0,56.0,0.0
14,0.6,0,0.1715753437726838,False,0.0,56.0,0.0
14,0.6,1,0.17158001029704015,False,0.0,56.0,0.0
14,0.6,2,0.17158467229128754,False,0.0,56.0,0.0
14,0.6,3,0.17158932975991886,False,0.0,56.0,0.0
14,0.7,0,0.21606957907844487,True,0.6164638605229658,56.0,0.9232927721045932
14,0.7,1,0.21603202442151198,True,0.6162134961434131,56.0,0.9232426992286826
14,0.7,2,0.21599450622140953,True,0.6159633748093968,56.0,0.9231926749618794
14,0.7,3,0.21595702444198062,True,0.6157134962798707,56.0,0.9231426992559741
14,0.8,0,0.27169231675595656,True,0.987282111706377,56.0,0.9974564223412754
14,0.8,1,0.2716019809314151,True,0.9866798728761005,56.0,0.9973359745752202
14,0.8,2,0.27151173280193225,True,0.9860782186795483,56.0,0.9972156437359097
14,0.8,3,0.27142157228053426,True,0.985477148536895,56.0,0.9970954297073791
14,0.9,0,0.33218141495179737,True,0.6094572336546842,56.0,0.9218914467309369
14,0.9,1,0.3320336802043752,True,0.6104421319708322,56.0,0.9220884263941664
14,0.9,2,0.3318860888730053,True,0.6114260741799646,56.0,0.922285214835993
14,0.9,3,0.3317386408154513,True,0.6124090612303248,56.0,0.922481812246065
14,1.0,0,0.3892072293894442,False,0.0,56.0,0.0
14,1.0,1,0.38900538207591107,False,0.0,56.0,0.0
14,1.0,2,0.38880373070913643,False,0.0,56.0,0.0
14,1.0,3,0.3886022750947851,False,0.0,56.0,0.0
14,1.1,0,0.43292985165550635,False,0.0,56.0,0.0
14,1.1,1,0.43268651535472674,False,0.0,56.0,0.0
14,1.1,2,0.43244341527685526,False,0.0,56.0,0.0
14,1.1,3,0.4322005511876115,False,0.0,56.0,0.0
14,1.2,0,0.45282673253065997,False,0.0,56.0,0.0
14,1.2,1,0.4525645158106812,False,0.0,56.0,0.0
14,1.2,2,0.45230255364210276,False,0.0,56.0,0.0
14,1.2,3,0.45204084577246684,False,0.0,56.0,0.0
15,0.2,0,0.14985539794636873,False,0.0,60.0,0.0
15,0.2,1,0.14988067482089798,False,0.0,60.0,0.0
15,0.2,2,0.1499059271574656,False,0.0,60.0,0.0
15,0.2,3,0.14993115498040777,False,0.0,60.0,0.0
15,0.3,0,0.13298256073743048,False,0.0,60.0,0.0
15,0.3,1,0.1330238484752495,False,0.0,60.0,0.0
15,0.3,2,0.13306509613228537,False,0.0,60.0,0.0
15,0.3,3,0.13310630374828933,False,0.0,60.0,0.0
15,0.4,0,0.12976494612245906,False,0.0,60.0,0.0
15,0.4,1,0.12980928709827722,False,0.0,60.0,0.0
15,0.4,2,0.1298535850293288,False,0.0,60.0,0.0
15,0.4,3,0.12989783995830465,False,0.0,60.0,0.0
15,0.5,0,0.14246287325162046,False,0.0,60.0,0.0
15,0.5,1,0.14249516499275386,False,0.0,60.0,0.0
15,0.5,2,0.14252742538612292,False,0.0,60.0,0.0
15,0.5,3,0.14255965446281768,False,0.0,60.0,0.0
15,0.6,0,0.17162290833316107,False,0.0,60.0,0.0
15,0.6,1,0.17162752972286308,False,0.0,60.0,0.0
15,0.6,2,0.17163214662627138,False,0.0,60.0,0.0
15,0.6,3,0.17163675904783537,False,0.0,60.0,0.0
15,0.7,0,0.21568679510166028,True,0.6139119673444018,60.0,0.9227823934688804
15,0.7,1,0.21564960367361688,True,0.6136640244907792,60.0,0.9227328048981559
15,0.7,2,0.21561244834979323,True,0.6134163223319549,60.0,0.922683264466391
15,0.7,3,0.21557532909438207,True,0.6131688606292137,60.0,0.9226337721258429
15,0.8,0,0.2707715492935918,True,0.9811436619572788,60.0,0.9962287323914558
15,0.8,1,0.27068208719774095,True,0.9805472479849396,60.0,0.996109449596988
15,0.8,2,0.27059271194876156,True,0.9799514129917436,60.0,0.9959902825983488
15,0.8,3,0.270503423460521,True,0.9793561564034731,60.0,0.9958712312806947
15,0.9,0,0.3306755965328316,True,0.6194960231144562,60.0,0.9238992046228913
15,0.9,1,0.33052929067686054,True,0.6204713954875964,60.0,0.9240942790975193
15,0.9,2,0.3303831268498209,True,0.6214458210011939,60.0,0.9242891642002389
15,0.9,3,0.33023710491085173,True,0.6224193005943218,60.0,0.9244838601188644
15,1.0,0,0.38714985691722265,False,0.0,60.0,0.0
15,1.0,1,0.3869499618722369,False,0.0,60.0,0.0
15,1.0,2,0.3867502608788113,False,0.0,60.0,0.0
15,1.0,3,0.3865507537444904,False,0.0,60.0,0.0
15,1.1,0,0.4304495936924308,False,0.0,60.0,0.0
15,1.1,1,0.43020861094195684,False,0.0,60.0,0.0
15,1.1,2,0.42996786212964144,False,0.0,60.0,0.0
15,1.1,3,0.4297273470234703,False,0.0,60.0,0.0
15,1.2,0,0.4501540318045645,False,0.0,60.0,0.0
15,1.2,1,0.44989435124643035,False,0.0,60.0,0.0
15,1.2,2,0.44963492277767375,False,0.0,60.0,0.0
15,1.2,3,0.4493757461482785,False,0.0,60.0,0.0
16,0.2,0,0.15011080626929388,False,0.0,64.0,0.0
16,0.2,1,0.15013584078341327,False,0.0,64.0,0.0
16,0.2,2,0.15016085099484658,False,0.0,64.0,0.0
16,0.2,3,0.15018583692769666,False,0.0,64.0,0.0
16,0.3,0,0.13339974965299545,False,0.0,64.0,0.0
16,0.3,1,0.13344064151461352,False,0.0,64.0,0.0
16,0.3,2,0.13348149367975215,False,0.0,64.0,0.0
16,0.3,3,0.1335223061877813,False,0.0,64.0,0.0
16,0.4,0,0.13021298625722627,False,0.0,64.0,0.0
16,0.4,1,0.1302569020817046,False,0.0,64.0,0.0
16,0.4,2,0.13030077527413936,False,0.0,64.0,0.0
16,0.4,3,0.13034460587681201,False,0.0,64.0,0.0
16,0.5,0,0.14278916277913564,False,0.0,64.0,0.0
16,0.5,1,0.14282114489972605,False,0.0,64.0,0.0
16,0.5,2,0.14285309597312165,False,0.0,64.0,0.0
16,0.5,3,0.14288501603011433,False,0.0,64.0,0.0
16,0.6,0,0.1716696048261159,False,0.0,64.0,0.0
16,0.6,1,0.1716741819048846,False,0.0,64.0,0.0
16,0.6,2,0.17167875454037515,False,0.0,64.0,0.0
16,0.6,3,0.17168332273699435,False,0.0,64.0,0.0
16,0.7,0,0.21531099704748322,True,0.6114066469832213,64.0,0.9222813293966443
16,0.7,1,0.21527416221929285,True,0.6111610814619522,64.0,0.9222322162923905
16,0.7,2,0.21523736314914685,True,0.6109157543276456,64.0,0.9221831508655292
16,0.7,3,0.21520059980158118,True,0.6106706653438745,64.0,0.9221341330687749
16,0.8,0,0.2698675861141168,True,0.9751172407607788,64.0,0.9950234481521558
16,0.8,1,0.2697789818011454,True,0.9745265453409693,64.0,0.9949053090681939
16,0.8,2,0.269690463502338,True,0.9739364233489199,64.0,0.994787284669784
16,0.8,3,0.2696020311323877,True,0.9733468742159178,64.0,0.9946693748431836
16,0.9,0,0.3291972597525282,True,0.6293516016498119,64.0,0.9258703203299624
16,0.9,1,0.32905235671031,True,0.6303176219312665,64.0,0.9260635243862534
16,0.9,2,0.3289075943352176,True,0.6312827044318827,64.0,0.9262565408863765
16,0.9,3,0.32876297248774056,True,0.6322468500817296,64.0,0.926449370016346
16,1.0,0,0.3851300321108841,False,0.0,64.0,0.0
16,1.0,1,0.38493205370495803,False,0.0,64.0,0.0
16,1.0,2,0.3847342674899819,False,0.0,64.0,0.0
16,1.0,3,0.3845366732753452,False,0.0,64.0,0.0
16,1.1,0,0.4280146011825283,False,0.0,64.0,0.0
16,1.1,1,0.42777592902935974,False,0.0,64.0,0.0
16,1.1,2,0.4275374885712974,False,0.0,64.0,0.0
16,1.1,3,0.4272992795785519,False,0.0,64.0,0.0
16,1.2,0,0.4475301086698986,False,0.0,64.0,0.0
16,1.2,1,0.4472729179878933,False,0.0,64.0,0.0
16,1.2,2,0.44701597697817547,False,0.0,64.0,0.0
16,1.2,3,0.446759285393126,False,0.0,64.0,0.0
17,0.2,0,0.15036043366376084,False,0.0,68.0,0.0
17,0.2,1,0.15038523130307152,False,0.0,68.0,0.0
17,0.2,2,0.1504100048696464,False,0.0,68.0,0.0
17,0.2,3,0.15043475438736031,False,0.0,68.0,0.0
17,0.3,0,0.13380749588773147,False,0.0,68.0,0.0
17,0.3,1,0.13384800083343606,False,0.0,68.0,0.0
17,0.3,2,0.13388846645826652,False,0.0,68.0,0.0
17,0.3,3,0.1339288928012203,False,0.0,68.0,0.0
17,0.4,0,0.13065088542267878,False,0.0,68.0,0.0
17,0.4,1,0.13069438571872014,False,0.0,68.0,0.0
17,0.4,2,0.13073784378609932,False,0.0,68.0,0.0
17,0.4,3,0.13078125966669774,False,0.0,68.0,0.0
17,0.5,0,0.14310806704843518,False,0.0,68.0,0.0
17,0.5,1,0.14313974655645395,False,0.0,68.0,0.0
17,0.5,2,0.1431713953110443,False,0.0,68.0,0.0
17,0.5,3,0.14320301334270674,False,0.0,68.0,0.0
17,0.6,0,0.17171524438763666,False,0.0,68.0,0.0
17,0.6,1,0.17171977815840853,False,0.0,68.0,0.0
17,0.6,2,0.1717243075279443,False,0.0,68.0,0.0
17,0.6,3,0.17172883250060894,False,0.0,68.0,0.0
17,0.7,0,0.21494370483070813,True,0.6089580322047208,68.0,0.9217916064409442
17,0.7,1,0.21490721853106684,True,0.6087147902071122,68.0,0.9217429580414225
17,0.7,2,0.21487076765112972,True,0.6084717843408647,68.0,0.921694356868173
17,0.7,3,0.2148343521557685,True,0.6082290143717899,68.0,0.921645802874358
17,0.8,0,0.2689840832955634,True,0.9692272219704225,68.0,0.9938454443940845
17,0.8,1,0.2688963173503584,True,0.968642115669056,68.0,0.9937284231338113
17,0.8,2,0.2688086366054574,True,0.9680575773697159,68.0,0.9936115154739432
17,0.8,3,0.2687210409763608,True,0.9674736065090719,68.0,0.9934947213018144
17,0.9,0,0.32775238374228216,True,0.6389841083847856,68.0,0.9277968216769572
17,0.9,1,0.3276088517624398,True,0.6399409882504012,68.0,0.9279881976500803
17,0.9,2,0.3274654591187407,True,0.6408969392083954,68.0,0.9281793878416791
17,0.9,3,0.3273222056729947,True,0.6418519621800354,68.0,0.9283703924360072
17,1.0,0,0.383155924149517,False,0.0,68.0,0.0
17,1.0,1,0.3829598190013186,False,0.0,68.0,0.0
17,1.0,2,0.3827639042255729,False,0.0,68.0,0.0
17,1.0,3,0.38256817963347284,False,0.0,68.0,0.0
17,1.1,0,0.4256347224501836,False,0.0,68.0,0.0
17,1.1,1,0.4253983085961118,False,0.0,68.0,0.0
17,1.1,2,0.42516212424486355,False,0.0,68.0,0.0
17,1.1,3,0.4249261691688235,False,0.0,68.0,0.0
17,1.2,0,0.4449655755807399,False,0.0,68.0,0.0
17,1.2,1,0.44471081841884635,False,0.0,68.0,0.0
17,1.2,2,0.4444563085668588,False,0.0,68.0,0.0
17,1.2,3,0.4442020457795009,False,0.0,68.0,0.0
18,0.2,0,0.15060368963994222,False,0.0,72.0,0.0
18,0.2,1,0.15062825645036915,False,0.0,72.0,0.0
18,0.2,2,0.15065279941214138,False,0.0,72.0,0.0
18,0.2,3,0.15067731854891153,False,0.0,72.0,0.0
18,0.3,0,0.13420483492408528,False,0.0,72.0,0.0
18,0.3,1,0.13424496282940765,False,0.0,72.0,0.0
18,0.3,2,0.1342850517798743,False,0.0,72.0,0.0
18,0.3,3,0.13432510181411975,False,0.0,72.0,0.0
18,0.4,0,0.1310776077749617,False,0.0,72.0,0.0
18,0.4,1,0.13112070314839513,False,0.0,72.0,0.0
18,0.4,2,0.13116375668625205,False,0.0,72.0,0.0
18,0.4,3,0.13120676843002393,False,0.0,72.0,0.0
18,0.5,0,0.14341883169629174,False,0.0,72.0,0.0
18,0.5,1,0.14345021631553573,False,0.0,72.0,0.0
18,0.5,2,0.1434815704676196,False,0.0,72.0,0.0
18,0.5,3,0.14351289418276006,False,0.0,72.0,0.0
18,0.6,0,0.17175971905803067,False,0.0,72.0,0.0
18,0.6,1,0.17176421062618666,False,0.0,72.0,0.0
18,0.6,2,0.17176869783407542,False,0.0,72.0,0.0
18,0.6,3,0.17177318068602143,False,0.0,72.0,0.0
18,0.7,0,0.2145857872755206,True,0.6065719151701373,72.0,0.9213143830340276
18,0.7,1,0.21454964060868517,True,0.6063309373912344,72.0,0.921266187478247
18,0.7,2,0.2145135290318496,True,0.6060901935456638,72.0,0.9212180387091329
18,0.7,3,0.21447745251021247,True,0.6058496834014164,72.0,0.9211699366802834
18,0.8,0,0.2681231307504904,True,0.9634875383366025,72.0,0.9926975076673206
18,0.8,1,0.2680361817747925,True,0.9629078784986166,72.0,0.9925815756997234
18,0.8,2,0.2679493172063114,True,0.9623287813754091,72.0,0.9924657562750818
18,0.8,3,0.267862536961334,True,0.9617502464088933,72.0,0.9923500492817787
18,0.9,0,0.32634438633444923,True,0.6483707577703385,72.0,0.9296741515540677
18,0.9,1,0.3262021904223784,True,0.6493187305174772,72.0,0.9298637461034955
18,0.9,2,0.3260601325494401,True,0.6502657830037326,72.0,0.9300531566007466
18,0.9,3,0.3259182125787303,True,0.6512119161417979,72.0,0.9302423832283596
18,1.0,0,0.38123220275565584,False,0.0,72.0,0.0
18,1.0,1,0.38103792305269013,False,0.0,72.0,0.0
18,1.0,2,0.38084383195009464,False,0.0,72.0,0.0
18,1.0,3,0.38064992926082,False,0.0,72.0,0.0
18,1.1,0,0.4233155870625544,False,0.0,72.0,0.0
18,1.1,1,0.4230813738673986,False,0.0,72.0,0.0
18,1.1,2,0.4228473880387387,False,0.0,72.0,0.0
18,1.1,3,0.4226136293510783,False,0.0,72.0,0.0
18,1.2,0,0.44246649890133516,False,0.0,72.0,0.0
18,1.2,1,0.44221411314708164,False,0.0,72.0,0.0
18,1.2,2,0.4419619724006491,False,0.0,72.0,0.0
18,1.2,3,0.44171007641904475,False,0.0,72.0,0.0
