#source	name	target	fsot_value	fsot_rel_err	M_within	M_expected	S_within	band	M_in_band	S_in_band
closed_form:wave1	alpha_s(M_Z)	0.1179	0.11709966304863832	6.788e-03	4197	4.21e+03	4457	-	-1	-1
closed_form:wave1	H0	67.400000000000006	68.444995563826666	1.550e-02	6812	6.79e+03	12576	-	-1	-1
closed_form:wave1	T_CMB	2.7254800000000001	2.7247116903430664	2.819e-04	196	195	486	-	-1	-1
closed_form:wave1	n_s	0.96489999999999998	0.96333383659547167	1.623e-03	1169	1.18e+03	3171	-	-1	-1
closed_form:wave1	Omega_b_h2	0.022370000000000001	0.022461621418647441	4.096e-03	1921	1.95e+03	943	-	-1	-1
closed_form:validation_suite	alpha_FSOT	0.00080800000000000002	0.00080829374141404048	3.635e-04	81	76.6	11	-	-1	-1
closed_form:validation_suite	Tetrahedral_refined	109.471	109.47122063449069	2.015e-06	2	0.803	3	-	-1	-1
closed_form:validation_suite	Tetrahedral_FSOT	106.236	106.77462732845622	5.070e-03	2016	2.03e+03	6498	-	-1	-1
closed_form:validation_suite	Water_bond_angle	104.5	104.53680149989006	3.522e-04	146	141	1236	-	-1	-1
closed_form:validation_suite	Golden_angle	137.50800000000001	137.50776405003785	1.716e-06	0	0.652	4	-	-1	-1
closed_form:validation_suite	Dark_energy_wa	-0.80810000000000004	-0.80810977158108099	1.209e-05	10	8.77	21	-	-1	-1
closed_form:validation_suite	Richardson_D=4	1.4427000000000001	1.4426999059072136	6.522e-08	0	0.0469	0	-	-1	-1
closed_form:validation_suite	Richardson_D=13	1.1396999999999999	1.1397230490720158	2.022e-05	15	14.6	41	-	-1	-1
closed_form:validation_suite	sin2_theta_W	0.23122000000000001	0.23122202914793052	8.776e-06	3	5.82	5	-	-1	-1
closed_form:validation_suite	M_Z/M_W	1.1339999999999999	1.1346009294087023	5.299e-04	415	384	1008	-	-1	-1
closed_form:validation_suite	Feigenbaum_delta	4.6692	4.669210913089719	2.337e-06	3	1.54	4	-	-1	-1
closed_form:validation_suite	Feigenbaum_alpha	2.5028999999999999	2.5029671355214553	2.682e-05	22	18.7	63	-	-1	-1
closed_form:validation_suite	Apery_zeta3	1.2020599999999999	1.2020476693577491	1.026e-05	7	7.43	19	-	-1	-1
closed_form:validation_suite	Water_anomaly_C	3.98	3.9799735124412239	6.655e-06	4	4.45	15	-	-1	-1
closed_form:validation_suite	GUT_coupling	0.033779999999999998	0.033780564332598018	1.671e-05	8	8.57	4	-	-1	-1
closed_form:validation_suite	Identity_pi_4	0.78539800000000004	0.78539816339744828	2.080e-07	2	0.151	1	-	-1	-1
closed_form:validation_suite	Identity_2sqrtpi_5	0.708982	0.7089815403622064	6.483e-07	3	0.467	1	-	-1	-1
closed_form:validation_suite	Age_over_T_CMB	5.0430000000000001	5.0601279303334632	3.396e-03	2239	2.22e+03	6526	-	-1	-1
closed_form:validation_suite	CMB_asymmetry	0.070000000000000007	0.067591759866365231	3.440e-02	19943	1.99e+04	17125	-	-1	-1
closed_form:validation_suite	Mantle_Vp_Vs	1.8100000000000001	1.8133764923916036	1.865e-03	1279	1.33e+03	4586	-	-1	-1
closed_form:validation_suite	V24_alpha_s(M_Z)	0.1179	0.11709966304863832	6.788e-03	4197	4.21e+03	4457	-	-1	-1
closed_form:validation_suite	V25_H0	67.400000000000006	68.444995563826666	1.550e-02	6812	6.79e+03	12576	-	-1	-1
closed_form:validation_suite	V26_T_CMB	2.7254800000000001	2.7247116903430664	2.819e-04	196	195	486	-	-1	-1
closed_form:validation_suite	V27_n_s	0.96489999999999998	0.96333383659547167	1.623e-03	1169	1.18e+03	3171	-	-1	-1
closed_form:validation_suite	V28_Omega_b_h2	0.022370000000000001	0.022461621418647441	4.096e-03	1921	1.95e+03	943	-	-1	-1
closed_form:wave2	1/alpha_em	137.036	137.03619755957268	1.442e-06	0	0.55	2	-	-1	-1
closed_form:wave2	sin2_theta_W	0.23122000000000001	0.23118997459960097	1.299e-04	73	86.2	108	-	-1	-1
closed_form:wave2	M_W/M_Z	0.88146999999999998	0.87537366531929661	6.916e-03	5039	5.01e+03	12833	-	-1	-1
closed_form:wave2	Omega_Lambda	0.68469999999999998	0.68273603813527806	2.868e-03	2053	2.06e+03	4591	-	-1	-1
closed_form:wave2	Omega_m	0.31530000000000002	0.31532918824500666	9.257e-05	85	63.3	77	-	-1	-1
closed_form:wave2	Omega_DM_h2	0.12	0.12058582009653829	4.882e-03	3067	3.03e+03	3268	-	-1	-1
closed_form:wave2	sigma_8	0.81110000000000004	0.80838183941074671	3.351e-03	2463	2.43e+03	6747	-	-1	-1
closed_form:wave2	tau_reion	0.054399999999999997	0.054396553502308063	6.335e-05	34	35.2	25	-	-1	-1
closed_form:wave2	m_pi/m_p	0.14446000000000001	0.14441868531025276	2.860e-04	170	181	185	-	-1	-1
closed_form:wave2	N_eff	3.0459999999999998	3.0457134542883608	9.407e-05	88	64.5	160	-	-1	-1
closed_form:wave3	|V_us|	0.2243	0.22958647909966462	2.357e-02	15618	1.56e+04	20444	-	-1	-1
closed_form:wave3	|V_cb|	0.042200000000000001	0.041918878807256581	6.662e-03	3584	3.55e+03	2541	-	-1	-1
closed_form:wave3	sin_theta_C	0.22758999999999999	0.22759115424752144	5.072e-06	4	3.36	5	-	-1	-1
closed_form:wave3	Age_Gyr	13.787000000000001	13.787196119245323	1.422e-05	8	8.28	32	-	-1	-1
closed_form:wave3	z_eq	3402	3393.8103104014167	2.407e-03	342	347	2132	-	-1	-1
closed_form:wave3	theta_star	0.010411	0.01040475951507544	5.994e-04	232	245	77	-	-1	-1
closed_form:wave3	r_star_Mpc	144.43000000000001	144.39983003198907	2.089e-04	79	78.8	116	-	-1	-1
closed_form:wave3	Deuteron_binding_MeV	2.2245659999999998	2.2245646484625281	6.076e-07	1	0.427	2	-	-1	-1
closed_form:wave3	Neutron_lifetime_s	878.39999999999998	878.59285139228325	2.195e-04	47	51.8	255	-	-1	-1
closed_form:wave3	Ising2D_beta	0.32652999999999999	0.32653240136824641	7.354e-06	6	5.03	5	-	-1	-1
closed_form:wave3	Ising2D_nu	0.63002000000000002	0.62998450626550961	5.634e-05	47	40.5	91	-	-1	-1
closed_form:wave3	Ising2D_gamma	1.2372000000000001	1.2482238717397451	8.910e-03	6508	6.46e+03	19816	-	-1	-1
closed_form:wave3	m_t/m_W	2.1497999999999999	2.1497659290681641	1.585e-05	12	11.2	35	-	-1	-1
closed_form:wave3	m_H/m_W	1.5595000000000001	1.5508368260064689	5.555e-03	3995	4e+03	11393	-	-1	-1
closed_form:wave3	m_tau/m_e	3477.48	3477.5054587878312	7.321e-06	1	1.04	0	-	-1	-1
closed_form:wave4	sin2_theta12	0.307	0.30696442978890159	1.159e-04	71	79.1	119	-	-1	-1
closed_form:wave4	sin2_theta23	0.54600000000000004	0.54576661098602486	4.275e-04	332	305	636	-	-1	-1
closed_form:wave4	sin2_theta13	0.021999999999999999	0.02201515822114412	6.890e-04	320	327	158	-	-1	-1
closed_form:wave4	Dm2_21/Dm2_32	0.029499999999999998	0.029517011480286421	5.767e-04	308	289	182	-	-1	-1
closed_form:wave4	|V_ub|	0.00382	0.0039212562933861363	2.651e-02	8732	8.75e+03	2137	-	-1	-1
closed_form:wave4	|V_td|	0.0085699999999999995	0.0085708009802210692	9.346e-05	37	36.7	12	-	-1	-1
closed_form:wave4	|V_ts|	0.040500000000000001	0.040503304715082247	8.160e-05	46	43.2	34	-	-1	-1
closed_form:wave4	Jarlskog_J	3.0800000000000003e-05	3.0727717866654669e-05	2.347e-03	108	115	2	-	-1	-1
closed_form:wave4	Feigenbaum_delta	4.6692	4.6691979572796081	4.375e-07	0	0.288	1	-	-1	-1
closed_form:wave4	Feigenbaum_alpha	2.50291	2.5029081532028084	7.379e-07	1	0.515	4	-	-1	-1
closed_form:wave4	r_p_fm	0.84140000000000004	0.84124854096976831	1.800e-04	134	130	347	-	-1	-1
closed_form:wave4	m_n-m_p_MeV	1.2933300000000001	1.2933328005542002	2.165e-06	1	1.57	5	-	-1	-1
closed_form:wave4	mu_p_muN	2.7928500000000001	2.792852216264115	7.935e-07	0	0.549	0	-	-1	-1
closed_form:wave4	w0	-1.03	-1.0299812921372637	1.816e-05	15	13.2	27	-	-1	-1
closed_form:wave4	m_c/m_b	0.29099999999999998	0.29489607177654836	1.339e-02	9109	9.08e+03	12920	-	-1	-1
closed_form:wave4	alpha_s_ratio	11.85	11.846883192361886	2.630e-04	168	156	722	-	-1	-1
closed_form:wave5	Gamma_Z/M_Z	0.027490000000000001	0.027489782887668835	7.898e-06	8	3.89	4	-	-1	-1
closed_form:wave5	R_ell	20.766999999999999	20.778243423498392	5.414e-04	284	296	1004	-	-1	-1
closed_form:wave5	R_b	0.21629000000000001	0.21623014527680923	2.767e-04	178	182	235	-	-1	-1
closed_form:wave5	R_c	0.1721	0.17210879887231978	5.113e-05	34	33	45	-	-1	-1
closed_form:wave5	A_FB_ell	0.017100000000000001	0.0171118919939693	6.954e-04	321	314	127	-	-1	-1
closed_form:wave5	A_ell_SLD	0.15129999999999999	0.15118910851310519	7.329e-04	500	467	554	-	-1	-1
closed_form:wave5	m_H/m_t	0.72560000000000002	0.72570682016237076	1.472e-04	109	106	235	-	-1	-1
closed_form:wave5	BR_H_bb	0.58089999999999997	0.58090353922049986	6.093e-06	3	4.37	4	-	-1	-1
closed_form:wave5	BR_H_WW	0.2152	0.21520447048200203	2.077e-05	14	13.7	25	-	-1	-1
closed_form:wave5	BR_H_tautau	0.063200000000000006	0.063193755829223722	9.880e-05	57	56.3	57	-	-1	-1
closed_form:wave5	Y_p_He4	0.24490000000000001	0.24478099844975698	4.859e-04	305	324	481	-	-1	-1
closed_form:wave5	D_H_ratio	2.5469999999999998e-05	2.5446825859417006e-05	9.099e-04	48	40.3	0	-	-1	-1
closed_form:wave5	Khinchin_K0	2.6854520000000002	2.685451182405338	3.045e-07	0	0.211	1	-	-1	-1
closed_form:wave5	Glaisher_A	1.282427	1.2824279243871977	7.208e-07	1	0.521	2	-	-1	-1
closed_form:wave5	Twin_prime_C2	0.66016200000000003	0.66007880638354788	1.260e-04	82	90.7	237	-	-1	-1
closed_form:wave5	Mertens_M	0.26149699999999998	0.26149367665125811	1.271e-05	4	8.52	11	-	-1	-1
closed_form:wave5	Dottie_number	0.73908499999999999	0.73908570244680261	9.504e-07	1	0.686	1	-	-1	-1
closed_form:wave5	Omega_constant	0.56714299999999995	0.56714479257242556	3.161e-06	1	2.26	5	-	-1	-1
closed_form:wave5	Conway_lambda	1.303577	1.3035789762668335	1.516e-06	2	1.1	4	-	-1	-1
closed_form:wave5	Plastic_number	1.3247180000000001	1.324722496060228	3.394e-06	3	2.45	5	-	-1	-1
closed_form:wave5	Landau_Ramanujan	0.76423600000000003	0.76423649919795222	6.532e-07	2	0.473	2	-	-1	-1
closed_form:wave5	Laplace_limit	0.66274299999999997	0.66314799573604655	6.111e-04	417	440	1145	-	-1	-1
closed_form:wave6	zeta_5	1.0369280000000001	1.0369315689419134	3.442e-06	3	2.5	5	-	-1	-1
closed_form:wave6	zeta_7	1.0083489999999999	1.0083510021653366	1.986e-06	2	1.45	3	-	-1	-1
closed_form:wave6	Levy_constant	3.2758229999999999	3.2758207843311129	6.764e-07	0	0.462	0	-	-1	-1
closed_form:wave6	Erdos_Borwein	1.606695	1.6066604082971279	2.153e-05	20	15.5	33	-	-1	-1
closed_form:wave6	Bernstein	0.280169	0.28016962153089064	2.218e-06	1	1.5	4	-	-1	-1
closed_form:wave6	Backhouse	1.456075	1.4560739297341037	7.350e-07	0	0.53	1	-	-1	-1
closed_form:wave6	Viswanath	1.131988	1.131989324238136	1.170e-06	2	0.848	1	-	-1	-1
closed_form:wave6	Kepler_Bouwkamp	0.114942	0.11494080409895219	1.040e-05	5	6.42	6	-	-1	-1
closed_form:wave6	Sphere_packing_3D	0.74048000000000003	0.74047733309494645	3.602e-06	2	2.6	9	-	-1	-1
closed_form:wave6	Gauss_AGM	0.83462700000000001	0.83462785434817266	1.024e-06	0	0.742	2	-	-1	-1
closed_form:wave6	Lemniscate	2.622058	2.6220982112483138	1.534e-05	11	10.7	24	-	-1	-1
closed_form:wave6	Hashing_bound	0.110028	0.11002721665641338	7.119e-06	5	4.38	6	-	-1	-1
closed_form:wave6	von_Karman	0.40000000000000002	0.39990834155956795	2.291e-04	166	160	270	-	-1	-1
closed_form:wave6	Madelung_NaCl	1.747565	1.7475649276275782	4.141e-08	0	0.0297	0	-	-1	-1
closed_form:wave6	Madelung_CsCl	1.762672	1.7630782444763662	2.305e-04	188	165	487	-	-1	-1
closed_form:wave6	Methane_angle	109.471	109.4705542253899	4.072e-06	3	1.62	8	-	-1	-1
closed_form:wave6	O_N_electronegativity	0.60870000000000002	0.60889051172040498	3.130e-04	202	225	438	-	-1	-1
closed_form:wave6	Water_max_density_C	3.98	3.9800922032519184	2.317e-05	11	15.5	39	-	-1	-1
closed_form:wave6	Perc_sq_site	0.592746	0.59206375298528913	1.151e-03	819	824	1973	-	-1	-1
closed_form:wave6	Polya_3D_return	0.34053699999999998	0.34053410224876524	8.509e-06	6	5.83	7	-	-1	-1
closed_form:wave6	Random_walk_CN	1.1762809999999999	1.176626319997345	2.936e-04	220	212	550	-	-1	-1
closed_form:wave6	Nats_per_bit	1.4426950000000001	1.4426868248704778	5.667e-06	7	4.08	17	-	-1	-1
closed_form:wave7	Apery_zeta3_w7	1.2020599999999999	1.2020593750320427	5.199e-07	0	0.377	0	-	-1	-1
closed_form:wave7	Soldner	1.45136	1.4513673220832282	5.045e-06	4	3.63	12	-	-1	-1
closed_form:wave7	Mills	1.30637	1.3063792657184921	7.093e-06	3	5.13	16	-	-1	-1
closed_form:wave7	Sierpinski_const	2.5849000000000002	2.5849761956741548	2.948e-05	19	20.6	44	-	-1	-1
closed_form:wave7	Niven	1.7052	1.7052168407275836	9.876e-06	2	7.06	22	-	-1	-1
closed_form:wave7	Artin	0.374	0.37397399649449403	6.953e-05	52	48.2	53	-	-1	-1
closed_form:wave7	Hafner_Sarnak	0.60799999999999998	0.60793687303359134	1.038e-04	80	74.6	139	-	-1	-1
closed_form:wave7	Porter	1.4670000000000001	1.4670785554317929	5.355e-05	39	38.5	103	-	-1	-1
closed_form:wave7	Thue_Morse	0.41249999999999998	0.41245424725453078	1.109e-04	78	77.6	129	-	-1	-1
closed_form:wave7	MRB	0.18790000000000001	0.18786033788593134	2.111e-04	134	138	170	-	-1	-1
closed_form:wave7	Gauss_Kuzmin	0.30359999999999998	0.30365973736615492	1.968e-04	138	134	192	-	-1	-1
closed_form:wave7	Universal_parabolic	2.2955999999999999	2.2956598167102418	2.606e-05	16	18.3	49	-	-1	-1
closed_form:wave7	Lieb_square_ice	1.5396000000000001	1.5395407665137582	3.847e-05	19	27.7	72	-	-1	-1
closed_form:wave7	Komornik_Loreti	1.7871999999999999	1.7872317242814628	1.775e-05	10	12.7	40	-	-1	-1
closed_form:wave7	Bloch_Landau	0.54330000000000001	0.5433021478033816	3.953e-06	1	2.82	5	-	-1	-1
closed_form:wave7	Golden_angle_deg	137.50800000000001	137.50601880311288	1.441e-05	5	5.48	14	-	-1	-1
closed_form:wave7	Ising3D_eta	0.036299999999999999	0.036408193997131071	2.981e-03	1533	1.55e+03	977	-	-1	-1
closed_form:wave7	Ising3D_alpha	0.1101	0.11004872741790349	4.657e-04	305	287	250	-	-1	-1
closed_form:wave7	Ising3D_delta	4.7897999999999996	4.7887467535409369	2.199e-04	146	145	380	-	-1	-1
closed_form:wave7	XY_nu	0.67200000000000004	0.67165766880038802	5.094e-04	383	367	794	-	-1	-1
closed_form:wave7	XY_eta	0.038100000000000002	0.038140264652900033	1.057e-03	555	555	427	-	-1	-1
closed_form:wave7	Heisenberg_nu	0.71120000000000005	0.71116072925127038	5.522e-05	39	39.8	82	-	-1	-1
closed_form:wave7	Heisenberg_eta	0.037499999999999999	0.037980910651284984	1.282e-02	6700	6.71e+03	4538	-	-1	-1
closed_form:wave7	Perc_honeycomb_site	0.69699999999999995	0.69699074794301952	1.327e-05	7	9.56	20	-	-1	-1
closed_form:wave7	Perc_SC_bond	0.24879999999999999	0.24879007778210541	3.988e-05	34	26.6	33	-	-1	-1
closed_form:wave7	Perc_SC_site	0.31159999999999999	0.31159756759350293	7.806e-06	7	5.32	11	-	-1	-1
closed_form:wave7	m_u/m_d	0.45960000000000001	0.46003115805480832	9.381e-04	612	660	1226	-	-1	-1
closed_form:wave7	m_s/m_d	20.196000000000002	20.19654445210049	2.696e-05	20	14.8	24	-	-1	-1
closed_form:wave7	m_tau/m_mu	16.817	16.816910212024428	5.339e-06	4	3.02	5	-	-1	-1
closed_form:wave8	|V_ud|	0.97370000000000001	0.97370666444462772	6.844e-06	5	4.96	13	-	-1	-1
closed_form:wave8	|V_cd|	0.221	0.22100780479132598	3.532e-05	28	23.4	31	-	-1	-1
closed_form:wave8	|V_cs|	0.97350000000000003	0.97491348531315558	1.452e-03	1019	1.05e+03	2956	-	-1	-1
closed_form:wave8	delta_CP_PMNS	3.8685	3.8681885363283475	8.051e-05	57	54	150	-	-1	-1
closed_form:wave8	m_t/m_b	41.079999999999998	40.922412802554149	3.836e-03	1909	1.85e+03	4019	-	-1	-1
closed_form:wave8	BR_Z_ee	0.03363	0.033665432647797887	1.054e-03	538	539	327	-	-1	-1
closed_form:wave8	BR_Z_had	0.69910000000000005	0.69917503809844361	1.073e-04	81	77.5	176	-	-1	-1
closed_form:wave8	BR_Z_inv	0.20000000000000001	0.19997754112174054	1.123e-04	66	73.5	98	-	-1	-1
closed_form:wave8	BR_H_ZZ	0.0264	0.026423881395489845	9.046e-04	452	444	252	-	-1	-1
closed_form:wave8	BR_H_gg	0.0785	0.081822749139824777	4.233e-02	24916	2.49e+04	24155	-	-1	-1
closed_form:wave8	BR_H_cc	0.028899999999999999	0.028925456135151035	8.808e-04	459	439	267	-	-1	-1
closed_form:wave8	BR_H_gamgam	0.0022799999999999999	0.0023160144625922921	1.580e-02	4608	4.59e+03	824	-	-1	-1
closed_form:wave8	BR_H_Zgam	0.0015299999999999999	0.0015258567671942072	2.708e-03	653	702	96	-	-1	-1
closed_form:wave8	He4_binding_MeV	28.300000000000001	28.30071693656917	2.533e-05	11	13.1	128	-	-1	-1
closed_form:wave8	Triton_binding_MeV	8.4819999999999993	8.4808001626345568	1.415e-04	94	87.7	183	-	-1	-1
closed_form:wave8	Deuteron_mu_muN	0.85740000000000005	0.85739141812803832	1.001e-05	5	7.25	25	-	-1	-1
closed_form:wave8	S_8	0.83199999999999996	0.83201443471342007	1.735e-05	16	12.6	43	-	-1	-1
closed_form:wave8	z_reion	7.6799999999999997	7.6719924223667029	1.043e-03	651	651	2162	-	-1	-1
closed_form:wave8	XY_beta	0.34860000000000002	0.34858759969634012	3.557e-05	27	24.5	38	-	-1	-1
closed_form:wave8	XY_gamma	1.3177000000000001	1.3177317120795233	2.407e-05	13	17.4	57	-	-1	-1
closed_form:wave8	Heisenberg_beta	0.36890000000000001	0.36913818105016843	6.457e-04	454	447	702	-	-1	-1
closed_form:wave8	Heisenberg_gamma	1.3962000000000001	1.3958979234843609	2.164e-04	153	156	471	-	-1	-1
closed_form:wave8	Perc_BCC_bond	0.18029999999999999	0.18031542143313228	8.553e-05	65	55.6	57	-	-1	-1
closed_form:wave8	Perc_FCC_site	0.19819999999999999	0.19799805009672064	1.019e-03	675	667	900	-	-1	-1
closed_form:wave8	Perc3D_nu	0.875	0.87671700581447465	1.962e-03	1443	1.42e+03	3856	-	-1	-1
closed_form:wave8	Perc3D_beta	0.41810000000000003	0.41841959579497895	7.644e-04	494	534	1011	-	-1	-1
closed_form:wave8	Perc3D_gamma	1.8051999999999999	1.7938023211994281	6.314e-03	4503	4.5e+03	14240	-	-1	-1
closed_form:wave8	Brun_B2	1.9021999999999999	1.9022127768114609	6.717e-06	3	4.77	20	-	-1	-1
closed_form:wave8	Copeland_Erdos	0.23569999999999999	0.23570226039551584	9.590e-06	6	6.39	6	-	-1	-1
closed_form:wave8	Erdos_Tenenbaum_Ford	0.086199999999999999	0.086006113748034602	2.249e-03	1318	1.34e+03	1431	-	-1	-1
closed_form:wave8	Foias_alpha	1.1874	1.187068841753637	2.789e-04	207	202	527	-	-1	-1
closed_form:wave8	Madelung_ZnS	1.6380999999999999	1.638254340439196	9.422e-05	64	67.8	180	-	-1	-1
closed_form:wave8	Madelung_CaF2	2.5194000000000001	2.5192500575824006	5.952e-05	42	41.5	151	-	-1	-1
closed_form:wave8	Madelung_TiO2	2.4079999999999999	2.4080278227201681	1.155e-05	9	8.07	23	-	-1	-1
closed_form:wave8	Ice_Ih_density	0.91700000000000004	0.91675879218209311	2.630e-04	180	191	487	-	-1	-1
closed_form:wave8	H2O_bond_angle	104.5	104.4405425791162	5.690e-04	242	228	1961	-	-1	-1
closed_form:wave8	Lorenz_dim	2.0600000000000001	2.059998138724155	9.035e-07	0	0.639	1	-	-1	-1
closed_form:wave8	Henon_dim	1.2609999999999999	1.2609289528725578	5.634e-05	45	40.8	106	-	-1	-1
closed_form:wave8	Apollonian_dim	1.3058000000000001	1.305585467000882	1.643e-04	103	119	328	-	-1	-1
closed_form:wave8	SAW_mu_sq	2.6381999999999999	2.6377098303377813	1.858e-04	119	129	350	-	-1	-1
closed_form:wave8	SAW_nu_3D	0.5877	0.58752240212249951	3.022e-04	207	216	482	-	-1	-1
closed_form:wave8	SAW_gamma_3D	1.1575	1.1596535661995191	1.861e-03	1330	1.35e+03	4237	-	-1	-1
closed_form:wave8	Potts3_beta	0.11111	0.1111111111111111	1.000e-05	6	6.16	5	-	-1	-1
closed_form:wave8	KT_T/J	0.89349999999999996	0.8934914156931002	9.608e-06	9	6.97	17	-	-1	-1
closed_form:wave8	Figure8_knot_vol	2.0299	2.0298903885129151	4.735e-06	4	3.35	10	-	-1	-1
closed_form:wave8	Bessel_J0_zero1	2.4049999999999998	2.4047617760747984	9.905e-05	70	69.2	172	-	-1	-1
closed_form:wave8	Airy_Ai_zero1	2.3380000000000001	2.3380710664285527	3.040e-05	16	21.2	51	-	-1	-1
closed_form:wave8	gamma_2_Stieltjes	-0.0094599999999999997	-0.0096863452704842191	2.393e-02	9569	9.59e+03	3314	-	-1	-1
closed_form:wave8	First_Riemann_zero	14.135	14.1344904113302	3.605e-05	19	20.9	157	-	-1	-1
closed_form:wave8	Spanning_tree_sq	1.1662999999999999	1.1660783561433121	1.900e-04	121	138	411	-	-1	-1
closed_form:wave8	Hard_sq_entropy	1.5031000000000001	1.5031151842015722	1.010e-05	5	7.27	15	-	-1	-1
closed_form:wave9	|V_tb|	0.99909999999999999	0.99907651926122876	2.350e-05	21	17.1	33	-	-1	-1
closed_form:wave9	Omega_r	9.1500000000000001e-05	9.1677288797348459e-05	1.938e-03	153	167	1	-	-1	-1
closed_form:wave9	O4_nu	0.749	0.74889305396194572	1.428e-04	97	103	276	-	-1	-1
closed_form:wave9	Gluon_condensate	0.012	0.01283286690347067	6.941e-02	29257	2.92e+04	11329	-	-1	-1
closed_form:wave9	Sierpinski_dim	1.5849629999999999	1.5849625007211561	3.150e-07	1	0.226	1	-	-1	-1
closed_form:wave9	gamma1_Stieltjes	-0.072816000000000006	-0.072740945070539215	1.031e-03	626	600	550	-	-1	-1
closed_form:wave10	m_mu/m_e	206.768283	206.76963859712171	6.556e-06	2	2.29	3	-	-1	-1
closed_form:wave10	(g-2)/2_electron	0.0011596499999999999	0.0011596599648779514	8.593e-06	2	2.04	0	-	-1	-1
closed_form:wave10	Logistic_accum	3.5699459999999998	3.5699551555510998	2.565e-06	2	1.73	3	-	-1	-1
closed_form:wave10	Cahen_constant	0.64341099999999996	0.64337948800772771	4.898e-05	49	35.3	84	-	-1	-1
closed_form:wave10	Reciprocal_Fib	3.3598859999999999	3.3726287987553354	3.793e-03	2537	2.58e+03	5567	-	-1	-1
closed_form:wave10	Water_triple_K	273.16000000000003	273.16914784440297	3.349e-05	13	10.9	10	-	-1	-1
closed_form:wave10	CO2_bond_angle	180	179.99866281945955	7.429e-06	3	2.67	8	-	-1	-1
closed_form:wave10	SAW_connective_hex	1.8477589999999999	1.8477586642028332	1.817e-07	1	0.13	0	-	-1	-1
closed_form:wave10	Bessel_J1_zero1	3.8317060000000001	3.8317065212360668	1.360e-07	0	0.0912	0	-	-1	-1
closed_form:wave10	eta_baryon_photon	6.1400000000000005e-10	6.1397495354255537e-10	4.079e-05	0	0	0	-	-1	-1
closed_form:lepton_ratios	m_tau/m_e_lepton	3477.48	3477.5131796945302	9.541e-06	1	1.36	0	-	-1	-1
closed_form:lepton_ratios	m_tau/m_mu_lepton	16.817	16.817284993122836	1.695e-05	11	9.6	19	-	-1	-1
closed_form:lepton_ratios	m_mu/m_e_lepton	206.768	206.76828192272686	1.363e-06	0	0.476	1	-	-1	-1
closed_form:dynamical_systems	Logistic_R_inf	3.5699000000000001	3.5699463190819012	1.297e-05	17	8.77	24	-	-1	-1
closed_form:dynamical_systems	Ising2D_Tc_J	2.2692000000000001	2.2691857371366813	6.285e-06	7	4.41	14	-	-1	-1
closed_form:dynamical_systems	Ising3D_beta_dyn	0.32640000000000002	0.3264189718791406	5.812e-05	33	39.8	70	-	-1	-1
closed_form:dynamical_systems	Ising3D_nu_dyn	0.63	0.62997096599232272	4.609e-05	35	33.1	74	-	-1	-1
closed_form:dynamical_systems	Henon_Lyapunov	0.41920000000000002	0.42010876364988792	2.168e-03	1509	1.51e+03	2884	-	-1	-1
closed_form:neural_architecture	Lateral_Inhibition	0.61799999999999999	0.6180339887498949	5.500e-05	44	39.6	78	-	-1	-1
closed_form:neural_architecture	Spike_Threshold	0.61799999999999999	0.6180339887498949	5.500e-05	44	39.6	78	-	-1	-1
closed_form:neural_architecture	Prediction_Gain	0.86529999999999996	0.86525597943226507	5.087e-05	38	36.9	95	-	-1	-1
closed_form:neural_architecture	TD_BU_Ratio	1.6180000000000001	1.6180339887498949	2.101e-05	19	15.1	53	-	-1	-1
closed_form:neural_architecture	Recurrent_Decay	0.3679	0.36787944117144233	5.588e-05	32	38.6	63	-	-1	-1
closed_form:neural_architecture	Hebbian_LR	0.1837	0.18373345259830798	1.821e-04	119	118	147	-	-1	-1
closed_form:neural_architecture	Consciousness_Threshold	11.09	11.090169943749475	1.532e-05	11	9.18	47	-	-1	-1
closed_form:neural_architecture	Consciousness_Gate	0.61799999999999999	0.6180339887498949	5.500e-05	44	39.6	78	-	-1	-1
closed_form:neural_architecture	Sync_Decay	0.38200000000000001	0.38196601125010515	8.898e-05	66	62	105	-	-1	-1
closed_form:neural_architecture	Cross_Modal_Gain	0.86529999999999996	0.86525597943226507	5.087e-05	38	36.9	95	-	-1	-1
closed_form:neural_architecture	Circulant_Spectral_R	0.61799999999999999	0.6180339887498949	5.500e-05	44	39.6	78	-	-1	-1
closed_form:neural_architecture	EEG_1_over_f	1.6180000000000001	1.6180339887498949	2.101e-05	19	15.1	53	-	-1	-1
closed_form:consciousness_model	Consciousness_Gate	0.61799999999999999	0.6180339887498949	5.500e-05	44	39.6	78	-	-1	-1
closed_form:consciousness_model	Resonance_Persistence	0.86529999999999996	0.86525597943226507	5.087e-05	38	36.9	95	-	-1	-1
closed_form:consciousness_model	Resonance_Rate	0.21240000000000001	0.21234577623937842	2.553e-04	175	168	230	-	-1	-1
closed_form:consciousness_model	Resonance_Eq_Factor	1.5759000000000001	1.5759198467187909	1.259e-05	9	9.05	25	-	-1	-1
closed_form:consciousness_model	Ignition_Coherence	0.39219999999999999	0.3921734915875944	6.759e-05	38	47	74	-	-1	-1
closed_form:consciousness_model	W_Integration	1.6180000000000001	1.6180339887498949	2.101e-05	19	15.1	53	-	-1	-1
closed_form:consciousness_model	W_Complexity	0.61799999999999999	0.6180339887498949	5.500e-05	44	39.6	78	-	-1	-1
closed_form:consciousness_model	W_Binding	0.86529999999999996	0.86525597943226507	5.087e-05	38	36.9	95	-	-1	-1
closed_form:consciousness_model	W_Phase_Sync	0.61799999999999999	0.6180339887498949	5.500e-05	44	39.6	78	-	-1	-1
closed_form:consciousness_model	Hub_coupling	0.61799999999999999	0.6180339887498949	5.500e-05	44	39.6	78	-	-1	-1
closed_form:consciousness_model	Inner_coupling	0.38200000000000001	0.38196601125010515	8.898e-05	66	62	105	-	-1	-1
closed_form:consciousness_model	Radial_coupling	0.86529999999999996	0.86525597943226507	5.087e-05	38	36.9	95	-	-1	-1
closed_form:consciousness_model	Outer_coupling	0.61799999999999999	0.6180339887498949	5.500e-05	44	39.6	78	-	-1	-1
closed_form:consciousness_model	Cross_coupling	0.57720000000000005	0.57721566490153287	2.714e-05	15	19.4	48	-	-1	-1
closed_form:homeostasis	Novelty_Threshold	0.61799999999999999	0.6180339887498949	5.500e-05	44	39.6	78	-	-1	-1
closed_form:homeostasis	Consolidation_Rate	0.1837	0.18373345259830798	1.821e-04	119	118	147	-	-1	-1
closed_form:homeostasis	Attention_Inhibition	0.78790000000000004	0.78797848921008584	9.962e-05	89	72.1	193	-	-1	-1
closed_form:homeostasis	Cross_Lobe_Coupling	0.1837	0.18373345259830798	1.821e-04	119	118	147	-	-1	-1
closed_form:trinary	Collapse_Threshold	0.91739999999999999	0.91751027120648765	1.202e-04	84	87.2	226	-	-1	-1
closed_form:predictions	CMB_tau	0.053999999999999999	0.053999511279947371	9.050e-06	6	5.03	6	-	-1	-1
closed_form:predictions	Dark_energy_wa	-0.82999999999999996	-0.80810977158108099	2.637e-02	19055	1.91e+04	50860	-	-1	-1
closed_form:predictions	Tau_g-2	0.0011770000000000001	0.0011882790134920889	9.583e-03	2248	2.29e+03	315	-	-1	-1
closed_form:predictions	Cross_MatSci_CM	1	1.0131618100027535	1.316e-02	9599	9.58e+03	23899	-	-1	-1
closed_form:predictions	Cross_Astro_PS	1	1.0049320942899167	4.932e-03	3576	3.59e+03	8569	-	-1	-1
closed_form:chemistry_ionization	IE_H	13.598000000000001	13.588429893109517	7.038e-04	403	410	1075	-	-1	-1
closed_form:chemistry_ionization	IE_He	24.587	24.605394873650226	7.482e-04	353	396	864	-	-1	-1
closed_form:chemistry_ionization	IE_Li	5.3920000000000003	5.3921039505844481	1.928e-05	15	12.5	30	-	-1	-1
closed_form:chemistry_ionization	IE_Be	9.3230000000000004	9.3239115778853652	9.778e-05	63	59.8	146	-	-1	-1
closed_form:chemistry_ionization	IE_B	8.298	8.3044887837654215	7.820e-04	433	485	1251	-	-1	-1
closed_form:chemistry_ionization	IE_C	11.26	11.258016544324992	1.762e-04	112	105	263	-	-1	-1
closed_form:chemistry_ionization	IE_N	14.534000000000001	14.514897499871385	1.314e-03	755	760	1809	-	-1	-1
closed_form:chemistry_ionization	IE_O	13.618	13.43774919539233	1.324e-02	7713	7.71e+03	21707	-	-1	-1
closed_form:chemistry_ionization	IE_F	17.422999999999998	17.418708869264407	2.463e-04	135	139	709	-	-1	-1
closed_form:chemistry_ionization	IE_Ne	21.565000000000001	21.532796384125366	1.493e-03	803	810	3048	-	-1	-1
closed_form:chemistry_ionization	IE_Na	5.1390000000000002	5.1371684984919295	3.564e-04	237	233	483	-	-1	-1
closed_form:chemistry_ionization	IE_Mg	7.6459999999999999	7.6420804554597703	5.126e-04	330	321	812	-	-1	-1
closed_form:chemistry_ionization	IE_Al	5.9859999999999998	5.9875277574009322	2.552e-04	162	164	574	-	-1	-1
closed_form:chemistry_ionization	IE_Si	8.1519999999999992	8.1488032048162413	3.921e-04	235	244	659	-	-1	-1
closed_form:chemistry_ionization	IE_P	10.487	10.487638389839253	6.087e-05	37	36.7	112	-	-1	-1
closed_form:chemistry_ionization	IE_S	10.359999999999999	10.360130217649854	1.257e-05	11	7.59	23	-	-1	-1
closed_form:chemistry_ionization	IE_Cl	12.968	12.984597134749389	1.280e-03	747	751	2488	-	-1	-1
closed_form:chemistry_ionization	IE_Ar	15.76	15.760123778469742	7.854e-06	4	4.49	4	-	-1	-1
closed_form:chemistry_ionization	IE_K	4.3410000000000002	4.3373891611421271	8.318e-04	553	551	1310	-	-1	-1
closed_form:chemistry_ionization	IE_Ca	6.1130000000000004	6.1113542640074874	2.692e-04	198	172	441	-	-1	-1
closed_form:chemistry_electronegativity	EN_H	2.2000000000000002	2.1993969215248934	2.741e-04	167	193	530	-	-1	-1
closed_form:chemistry_electronegativity	EN_Li	0.97999999999999998	0.98004087878770973	4.171e-05	28	30.3	71	-	-1	-1
closed_form:chemistry_electronegativity	EN_Na	0.93000000000000005	0.93018716611645436	2.013e-04	139	146	434	-	-1	-1
closed_form:chemistry_electronegativity	EN_C	2.5499999999999998	2.5498573599806234	5.594e-05	31	38.9	100	-	-1	-1
closed_form:chemistry_electronegativity	EN_N	3.04	3.0402714699474553	8.930e-05	69	61.2	150	-	-1	-1
closed_form:chemistry_electronegativity	EN_O	3.4399999999999999	3.439307695910089	2.013e-04	130	137	451	-	-1	-1
closed_form:chemistry_electronegativity	EN_F	3.98	3.9800922032519184	2.317e-05	11	15.5	39	-	-1	-1
closed_form:chemistry_electronegativity	EN_S	2.5800000000000001	2.5810487307396954	4.065e-04	289	283	635	-	-1	-1
closed_form:chemistry_electronegativity	EN_Cl	3.1600000000000001	3.1599082924785273	2.902e-05	16	19.8	41	-	-1	-1
closed_form:chemistry_electronegativity	EN_Br	2.96	2.963720456263474	1.257e-03	857	863	2018	-	-1	-1
closed_form:chemistry_bond_lengths	BL_H−H	0.73999999999999999	0.74014980116555873	2.024e-04	143	146	406	-	-1	-1
closed_form:chemistry_bond_lengths	BL_C−H	1.0900000000000001	1.0896381801030401	3.319e-04	253	241	624	-	-1	-1
closed_form:chemistry_bond_lengths	BL_C−C	1.54	1.540139197779449	9.039e-05	68	65	187	-	-1	-1
closed_form:chemistry_bond_lengths	BL_C=C	1.3400000000000001	1.3399531339223809	3.497e-05	13	25.3	81	-	-1	-1
closed_form:chemistry_bond_lengths	BL_C≡C	1.2	1.1999816148643268	1.532e-05	15	11.1	37	-	-1	-1
closed_form:chemistry_bond_lengths	BL_O−H	0.95999999999999996	0.96022677351449059	2.362e-04	160	172	417	-	-1	-1
closed_form:chemistry_bond_lengths	BL_N−H	1.01	1.0099883725773517	1.151e-05	7	8.37	20	-	-1	-1
closed_form:chemistry_bond_lengths	BL_C−N	1.47	1.4699416523739364	3.969e-05	29	28.5	80	-	-1	-1
closed_form:chemistry_bond_lengths	BL_C−O	1.4299999999999999	1.4296364712785916	2.542e-04	172	183	472	-	-1	-1
closed_form:chemistry_bond_lengths	BL_C=O	1.23	1.2302331812556886	1.896e-04	132	137	430	-	-1	-1
closed_form:chemistry_bond_energies	BE_H−H	436	434.91590900168649	2.486e-03	721	722	1427	-	-1	-1
closed_form:chemistry_bond_energies	BE_C−H	413	413.29839789382447	7.225e-04	240	213	812	-	-1	-1
closed_form:chemistry_bond_energies	BE_C−C	348	348.83064345959087	2.387e-03	735	734	745	-	-1	-1
closed_form:chemistry_bond_energies	BE_C=C	614	613.00507601373977	1.620e-03	452	430	429	-	-1	-1
closed_form:chemistry_bond_energies	BE_C≡C	839	838.36009940687961	7.627e-04	174	183	1234	-	-1	-1
closed_form:chemistry_bond_energies	BE_O−H	463	462.63184843295261	7.951e-04	222	226	206	-	-1	-1
closed_form:chemistry_bond_energies	BE_N−H	391	392.33862354898565	3.424e-03	1042	1.03e+03	4655	-	-1	-1
closed_form:chemistry_bond_energies	BE_N≡N	945	945.78255201172919	8.281e-04	174	191	146	-	-1	-1
closed_form:chemistry_bond_energies	BE_O=O	498	495.15025120911446	5.722e-03	1590	1.6e+03	3614	-	-1	-1
closed_form:chemistry_bond_energies	BE_F−F	159	159.50332904632609	3.166e-03	1165	1.16e+03	1738	-	-1	-1
closed_form:chemistry_molecular	BP_H₂O	373.14999999999998	372.42251681243528	1.950e-03	644	591	1212	-	-1	-1
closed_form:chemistry_molecular	BP_NH₃	239.81999999999999	240.13753580571478	1.324e-03	428	445	1989	-	-1	-1
closed_form:chemistry_molecular	BP_CH₄	111.66	111.70632429578239	4.149e-04	167	165	240	-	-1	-1
closed_form:chemistry_molecular	BP_C₂H₅OH	351.44	350.935767767149	1.435e-03	433	440	511	-	-1	-1
closed_form:chemistry_molecular	BP_CO₂_sub	194.65000000000001	194.13470599823293	2.647e-03	897	934	1667	-	-1	-1
closed_form:chemistry_molecular	dipole_H₂O	1.8500000000000001	1.8501854659186965	1.003e-04	75	71.5	211	-	-1	-1
closed_form:chemistry_molecular	dipole_NH₃	1.47	1.4699416523739364	3.969e-05	29	28.5	80	-	-1	-1
closed_form:chemistry_molecular	dipole_HCl	1.0800000000000001	1.0801237578967653	1.146e-04	74	83.2	244	-	-1	-1
closed_form:chemistry_molecular	pKw_water	14	13.988607574825396	8.137e-04	497	473	1167	-	-1	-1
closed_form:chemistry_radii	R_H	0.31	0.30998484282887168	4.889e-05	37	33.3	41	-	-1	-1
closed_form:chemistry_radii	R_C	0.77000000000000002	0.77001308814027625	1.700e-05	13	12.3	34	-	-1	-1
closed_form:chemistry_radii	R_N	0.75	0.75000016324547125	2.177e-07	2	0.157	0	-	-1	-1
closed_form:chemistry_radii	R_O	0.72999999999999998	0.72997009810229574	4.096e-05	31	29.5	60	-	-1	-1
closed_form:chemistry_radii	R_F	0.70999999999999996	0.70996003751772796	5.629e-05	31	40.6	108	-	-1	-1
closed_form:chemistry_radii	R_Na	1.54	1.540139197779449	9.039e-05	68	65	187	-	-1	-1
closed_form:chemistry_radii	R_Cl	0.98999999999999999	0.98999955577102372	4.487e-07	0	0.326	2	-	-1	-1
closed_form:chemistry_radii	R_Fe	1.25	1.2501545475784526	1.236e-04	92	89.6	228	-	-1	-1
ledger_a:FORECAST	T_CMB	2.7254800000000001	2.7247116903430664	2.819e-04	196	195	486	[2.724,2.727]	375	959
ledger_a:FORECAST	H0_PLANCK_CLASS	67.400000000000006	68.444995563826666	1.550e-02	6812	6.79e+03	12576	[66,69]	9731	19570
ledger_a:FORECAST	alpha_s_MZ	0.1179	0.11709966304863834	6.788e-03	4197	4.21e+03	4457	[0.116,0.12]	10427	11244
ledger_a:FORECAST	n_s	0.96489999999999998	0.96333383659547167	1.623e-03	1169	1.18e+03	3171	[0.95,0.98]	11308	31782
ledger_a:FORECAST	Omega_b_h2	0.022370000000000001	0.022461621418647423	4.096e-03	1921	1.95e+03	943	[0.0215,0.0232]	18155	9075
ledger_a:FORECAST	Omega_DM_h2	0.12	0.12058582009653829	4.882e-03	3067	3.03e+03	3268	[0.11,0.13]	51762	55057
ledger_a:FORECAST	First_Riemann_zero	14.134725141734693	14.1344904113302	1.661e-05	11	9.64	80	[14.13,14.14]	238	1211
ledger_a:FORECAST	Dark_energy_wa	-0.80810000000000004	-0.80810977158108099	1.209e-05	10	8.77	21	[-1.05,-0.6]	202325	512694
ledger_a:FORECAST	sigma_8	0.81110000000000004	0.80838183941074671	3.351e-03	2463	2.43e+03	6747	[0.78,0.85]	31163	81099
ledger_a:FORECAST	N_eff	3.0459999999999998	3.0457134542883608	9.407e-05	88	64.5	160	[2.8,3.4]	66432	166092
ledger_a:FORECAST	inv_alpha_em	137.036	137.03619755957268	1.442e-06	0	0.55	2	[136.9,137.2]	423	816
ledger_a:FORECAST	sin2_theta_W	0.23122000000000001	0.23118997459960097	1.299e-04	73	86.2	108	[0.22,0.24]	28858	38116
ledger_a:FORECAST	Omega_Lambda	0.68469999999999998	0.68273603813527806	2.868e-03	2053	2.06e+03	4591	[0.65,0.72]	36811	86477
ledger_a:FORECAST	m_pi_over_m_p	0.14446000000000001	0.14441868531025276	2.860e-04	170	181	185	[0.14,0.15]	21784	24227
ledger_a:FORECAST	m_mu_over_m_e	206.768	206.76828192272686	1.363e-06	0	0.476	1	[206,207.5]	1310	952
ledger_a:FORECAST	m_tau_over_m_e	3477.48	3477.5131796945302	9.541e-06	1	1.36	0	[3460,3500]	774	140
ledger_a:FORECAST	IE_H	13.598000000000001	13.588429893109517	7.038e-04	403	410	1075	[13.5,13.7]	4291	11659
ledger_a:FORECAST	H2O_bond_angle	104.5	104.4405425791162	5.690e-04	242	228	1961	[104,105]	1845	6171
ledger_a:FORECAST	Water_triple_K	273.16000000000003	273.16914784440297	3.349e-05	13	10.9	10	[273,273.3]	168	206
ledger_a:CONSTANT_IDENTITY	BP_H2O	373.14999999999998	372.42251681243528	1.950e-03	644	591	1212	-	-1	-1
ledger_a:FORECAST	tau_reion	0.054399999999999997	0.054396553502308063	6.335e-05	34	35.2	25	[0.04,0.07]	155136	124023
